"","subclass","term","estimate","std.error","statistic","p.value","dataset","class"
"1","Ast0","(Intercept)",0.687710166579567,0.420892382207247,1.63393350806938,0.117916486713413,"Mathys","Ast"
"2","Ast0","scale(age_death)",-0.131979216969411,0.198154621914476,-0.66604157750291,0.512994335534233,"Mathys","Ast"
"3","Ast0","factor(msex)1",-0.114099702739255,0.404634359119426,-0.281982239440964,0.780854360569257,"Mathys","Ast"
"4","Ast0","scale(pmi)",-0.259573109706196,0.206877195175496,-1.25472075105232,0.224045263944092,"Mathys","Ast"
"5","Ast0","LOADAD",-0.988972358226133,0.434554648864904,-2.27582965873088,0.0340058279792826,"Mathys","Ast"
"6","Ast1","(Intercept)",-0.408806141550955,0.405550127136994,-1.00802863615639,0.325481539131957,"Mathys","Ast"
"7","Ast1","scale(age_death)",0.109637389618594,0.190931543328881,0.574223555244316,0.572218982773389,"Mathys","Ast"
"8","Ast1","factor(msex)1",-0.370370770020311,0.389884737101459,-0.949949394720549,0.353477033056111,"Mathys","Ast"
"9","Ast1","scale(pmi)",0.0699789598110359,0.199336163712878,0.351060030992835,0.729214334384308,"Mathys","Ast"
"10","Ast1","LOADAD",0.9165376736886,0.418714380552404,2.18893287705912,0.0406337892476724,"Mathys","Ast"
"11","Ast2","(Intercept)",-0.285678972063414,0.448839638326087,-0.636483384419505,0.531679102008488,"Mathys","Ast"
"12","Ast2","scale(age_death)",-0.258420987514686,0.211312089723074,-1.22293517542394,0.235569536181332,"Mathys","Ast"
"13","Ast2","factor(msex)1",-0.144080904543136,0.431502082430287,-0.33390546745835,0.741926599487757,"Mathys","Ast"
"14","Ast2","scale(pmi)",0.135318809322471,0.220613841888836,0.613374066486075,0.546542202940848,"Mathys","Ast"
"15","Ast2","LOADAD",0.554434072256436,0.463409079552794,1.19642470706764,0.245522087404065,"Mathys","Ast"
"16","Ast3","(Intercept)",-0.26980730093803,0.353107359963598,-0.764094243081888,0.453732020952136,"Mathys","Ast"
"17","Ast3","scale(age_death)",0.149613159655899,0.16624167689106,0.899973836007095,0.378843238408914,"Mathys","Ast"
"18","Ast3","factor(msex)1",0.487078911172501,0.339467703240277,1.43483137430527,0.166788790196295,"Mathys","Ast"
"19","Ast3","scale(pmi)",0.601258993686644,0.173559473426449,3.4642821957019,0.00244940525487699,"Mathys","Ast"
"20","Ast3","LOADAD",0.056264724336295,0.364569308705233,0.154332037812286,0.878894699344707,"Mathys","Ast"
"21","Astr.1","(Intercept)",0.134113892066608,0.795764147752308,0.168534725327124,0.872768138655911,"Cain","Astr"
"22","Astr.1","scale(age_death)",0.301466140466855,0.56895976356853,0.52985493838097,0.618887923427152,"Cain","Astr"
"23","Astr.1","factor(msex)1",-0.225245489490598,0.732721488898005,-0.307409422138501,0.770923896572711,"Cain","Astr"
"24","Astr.1","scale(pmi)",0.506744997316468,0.445890360117215,1.1364789254095,0.307273507439498,"Cain","Astr"
"25","Astr.1","LOADAD",-0.0429822946426187,1.18349267758258,-0.0363181753945576,0.97243402689059,"Cain","Astr"
"26","Astr.2","(Intercept)",0.364243361943869,0.82577924601832,0.441090477509759,0.677567668337602,"Cain","Astr"
"27","Astr.2","scale(age_death)",-0.410599032701331,0.590420121214892,-0.695435365340281,0.517771475591277,"Cain","Astr"
"28","Astr.2","factor(msex)1",-1.07963071725507,0.760358707228351,-1.41989656591232,0.214870255295185,"Cain","Astr"
"29","Astr.2","scale(pmi)",0.0176905324124028,0.462708713912857,0.0382325464822227,0.9709818220112,"Cain","Astr"
"30","Astr.2","LOADAD",0.351143993367328,1.22813234765955,0.28591706263295,0.786408704999265,"Cain","Astr"
"31","Astr.3","(Intercept)",-0.421961302736814,0.40570587862379,-1.04006701645085,0.345964653913723,"Cain","Astr"
"32","Astr.3","scale(age_death)",0.17741579329164,0.290073788109392,0.611622975133255,0.567525298245511,"Cain","Astr"
"33","Astr.3","factor(msex)1",1.17392573657313,0.373564725527727,3.14249621645819,0.0255942728248799,"Cain","Astr"
"34","Astr.3","scale(pmi)",-0.711525291173353,0.227329090952638,-3.12993505666898,0.0259593388397462,"Cain","Astr"
"35","Astr.3","LOADAD",-0.330003131099497,0.603382218160593,-0.546922201495281,0.607945807731141,"Cain","Astr"
"36","Astr.4","(Intercept)",-0.427234119791895,0.68854002625712,-0.620492786910769,0.562118312460153,"Cain","Astr"
"37","Astr.4","scale(age_death)",-0.568240514377068,0.492296080004673,-1.15426577106134,0.300560754566393,"Cain","Astr"
"38","Astr.4","factor(msex)1",-0.811774263826022,0.633991961852023,-1.28041728077224,0.256578663470529,"Cain","Astr"
"39","Astr.4","scale(pmi)",-0.0830291486809988,0.385809490324596,-0.215207636834292,0.838108289464467,"Cain","Astr"
"40","Astr.4","LOADAD",1.66624250340981,1.02402462035957,1.6271508226284,0.164633674824721,"Cain","Astr"
"41","Astr.5","(Intercept)",-0.646082961875364,0.810099415379474,-0.797535400729452,0.461319149687122,"Cain","Astr"
"42","Astr.5","scale(age_death)",-0.0877500619110466,0.579209270916759,-0.151499753745581,0.88550446206276,"Cain","Astr"
"43","Astr.5","factor(msex)1",0.61680552681772,0.745921076576336,0.826904542835502,0.445945269948826,"Cain","Astr"
"44","Astr.5","scale(pmi)",0.254051846793405,0.45392283765809,0.559680689572982,0.599841152214785,"Cain","Astr"
"45","Astr.5","LOADAD",0.675360396933007,1.20481266833092,0.560552204243184,0.599289900436661,"Cain","Astr"
"46","End1","(Intercept)",0.2741936010132,0.429571112794321,0.638296181578868,0.530522562105009,"Mathys","End"
"47","End1","scale(age_death)",-0.365776511644707,0.20224053710534,-1.80862114430693,0.0855703596105753,"Mathys","End"
"48","End1","factor(msex)1",-0.596340728703078,0.412977851987258,-1.44400172027016,0.164221973834461,"Mathys","End"
"49","End1","scale(pmi)",-0.0869588371745798,0.211142968369399,-0.411848132315936,0.684831208963881,"Mathys","End"
"50","End1","LOADAD",0.0188280449441831,0.443515093107399,0.0424518697036175,0.966559442260191,"Mathys","End"
"51","End2","(Intercept)",-0.41236341973578,0.467527901380284,-0.882008150782782,0.388250253858394,"Mathys","End"
"52","End2","scale(age_death)",0.0613045584481442,0.220110456850373,0.278517246864914,0.78347461427507,"Mathys","End"
"53","End2","factor(msex)1",0.22197744319008,0.449468464488176,0.493866557340908,0.626780562472051,"Mathys","End"
"54","End2","scale(pmi)",0.134502007699033,0.229799504558897,0.585301556490347,0.564891200869069,"Mathys","End"
"55","End2","LOADAD",0.477834760944596,0.482703968062828,0.989912643275394,0.334042756560293,"Mathys","End"
"56","Endo.1","(Intercept)",0.825981927220576,0.259032712725226,3.18871666258135,0.0242998598188889,"Cain","Endo"
"57","Endo.1","scale(age_death)",0.867928726549168,0.185204612955915,4.68632348134744,0.00540286369958836,"Cain","Endo"
"58","Endo.1","factor(msex)1",-0.850693100903059,0.238511417581977,-3.56667663765267,0.0161002469196262,"Cain","Endo"
"59","Endo.1","scale(pmi)",0.656743982185518,0.14514374627888,4.52478318234701,0.00625535427813197,"Cain","Endo"
"60","Endo.1","LOADAD",-0.801270753538095,0.385243943988387,-2.07990486558369,0.092073050491027,"Cain","Endo"
"61","Endo.2","(Intercept)",-0.82091030916602,0.390876338280171,-2.10017908164503,0.0897328558100721,"Cain","Endo"
"62","Endo.2","scale(age_death)",-0.168018157848714,0.279470882975293,-0.601200941078245,0.573920467570457,"Cain","Endo"
"63","Endo.2","factor(msex)1",1.28872917791154,0.359910022798355,3.58069821977025,0.0158631514479155,"Cain","Endo"
"64","Endo.2","scale(pmi)",-0.795931542231053,0.219019657682911,-3.63406440614283,0.0149964900217893,"Cain","Endo"
"65","Endo.2","LOADAD",0.353091440420499,0.581327125004962,0.607388551527653,0.570118175314246,"Cain","Endo"
"66","Endo.3","(Intercept)",-0.490321792131442,0.642024724216108,-0.76371169775449,0.479505649792433,"Cain","Endo"
"67","Endo.3","scale(age_death)",-0.961360270658991,0.459038317228697,-2.09429198952913,0.0904058548619418,"Cain","Endo"
"68","Endo.3","factor(msex)1",0.219523537580177,0.591161731985171,0.371342605082028,0.725597906049954,"Cain","Endo"
"69","Endo.3","scale(pmi)",-0.101635575618096,0.359745580764694,-0.282520706444965,0.78886621681379,"Cain","Endo"
"70","Endo.3","LOADAD",0.76112004668271,0.954845178791902,0.797113567296534,0.461542797767754,"Cain","Endo"
"71","Endo.4","(Intercept)",-0.763307334786191,0.474756603677886,-1.60778666136065,0.168793413067629,"Cain","Endo"
"72","Endo.4","scale(age_death)",-0.761882801179656,0.339444049777983,-2.24450186025642,0.0747909401065346,"Cain","Endo"
"73","Endo.4","factor(msex)1",0.87147652262972,0.437145059240968,1.99356370204183,0.102780965200263,"Cain","Endo"
"74","Endo.4","scale(pmi)",-0.521303486214162,0.266020269422655,-1.95963821608612,0.107337638618412,"Cain","Endo"
"75","Endo.4","LOADAD",0.655138146942663,0.706077253761427,0.927856184932456,0.39606616767042,"Cain","Endo"
"76","Ex0","(Intercept)",-0.0420415673003887,0.464883061728484,-0.0904347152251014,0.928841355098478,"Mathys","Ex"
"77","Ex0","scale(age_death)",0.0270161912098298,0.218865275841207,0.123437539856395,0.902992710667026,"Mathys","Ex"
"78","Ex0","factor(msex)1",0.303070997000288,0.446925788396327,0.678123762085371,0.505463988888112,"Mathys","Ex"
"79","Ex0","scale(pmi)",0.140089539224872,0.228499511895727,0.613084632271776,0.546729753528593,"Mathys","Ex"
"80","Ex0","LOADAD",-0.161613298843358,0.479973276287975,-0.336713118891214,0.739840699916223,"Mathys","Ex"
"81","Ex1","(Intercept)",-0.173511953893763,0.440581691642255,-0.393824703080609,0.697877751289899,"Mathys","Ex"
"82","Ex1","scale(age_death)",0.349196518046447,0.207424278082618,1.68348913287461,0.107825708435845,"Mathys","Ex"
"83","Ex1","factor(msex)1",0.286936584773517,0.423563119632881,0.677435242761967,0.505891426437256,"Mathys","Ex"
"84","Ex1","scale(pmi)",-0.198975289397222,0.216554892570483,-0.918821491564597,0.369138050788325,"Mathys","Ex"
"85","Ex1","LOADAD",0.0559099893788671,0.454883077958945,0.122910682080623,0.903404570161143,"Mathys","Ex"
"86","Ex11","(Intercept)",-0.543698365447958,0.451064349728527,-1.20536762831109,0.242129813067218,"Mathys","Ex"
"87","Ex11","scale(age_death)",0.189595703253897,0.212359475861325,0.892805477527677,0.382578428984415,"Mathys","Ex"
"88","Ex11","factor(msex)1",0.356738886725028,0.433640858779318,0.822659764417112,0.420402268586613,"Mathys","Ex"
"89","Ex11","scale(pmi)",0.166301729949828,0.221707332943718,0.750095757960542,0.461930636325916,"Mathys","Ex"
"90","Ex11","LOADAD",0.581974530968663,0.465706005615564,1.24966078158992,0.225850262958458,"Mathys","Ex"
"91","Ex12","(Intercept)",-0.158648229062702,0.46262868457227,-0.342927782805735,0.735230955269993,"Mathys","Ex"
"92","Ex12","scale(age_death)",-0.238013234038976,0.217803923172623,-1.09278671647404,0.287476184955789,"Mathys","Ex"
"93","Ex12","factor(msex)1",-0.0134872312065517,0.444758492207608,-0.0303248424546237,0.976108561260392,"Mathys","Ex"
"94","Ex12","scale(pmi)",-0.0749724748125285,0.227391439517464,-0.329706672210809,0.74504983440956,"Mathys","Ex"
"95","Ex12","LOADAD",0.258003281315386,0.477645721514019,0.540156165321819,0.595053707159899,"Mathys","Ex"
"96","Ex14","(Intercept)",-0.0163742319646292,0.463522227005134,-0.0353256672725813,0.972170258184922,"Mathys","Ex"
"97","Ex14","scale(age_death)",0.247418704777201,0.218224599740871,1.13378008286415,0.270294770594836,"Mathys","Ex"
"98","Ex14","factor(msex)1",-0.101634193020905,0.445617519324639,-0.228074949061558,0.821903583852624,"Mathys","Ex"
"99","Ex14","scale(pmi)",-0.0111212210168794,0.227830633858097,-0.0488135455208635,0.961552072715522,"Mathys","Ex"
"100","Ex14","LOADAD",0.101810382210412,0.478568268546405,0.212739516808436,0.83368350988621,"Mathys","Ex"
"101","Ex2","(Intercept)",-0.417377875085219,0.442561777348944,-0.943095170996053,0.356886170683176,"Mathys","Ex"
"102","Ex2","scale(age_death)",-0.106342564816552,0.208356495321878,-0.510387567482692,0.615367064723216,"Mathys","Ex"
"103","Ex2","factor(msex)1",-0.133871825424678,0.425466719566731,-0.314646996505401,0.756288643065663,"Mathys","Ex"
"104","Ex2","scale(pmi)",0.00144875127432749,0.217528145103728,0.00666006356849435,0.99475206268428,"Mathys","Ex"
"105","Ex2","LOADAD",0.752556798889163,0.456927437717799,1.64699411059212,0.115182419774831,"Mathys","Ex"
"106","Ex3","(Intercept)",-0.355166020646419,0.429104756466341,-0.827690710238673,0.41761296407691,"Mathys","Ex"
"107","Ex3","scale(age_death)",0.290233972968739,0.202020978221038,1.43665264629688,0.166276441639725,"Mathys","Ex"
"108","Ex3","factor(msex)1",-0.11400792485935,0.412529509841211,-0.276363077403197,0.78510494944805,"Mathys","Ex"
"109","Ex3","scale(pmi)",0.0534816813741436,0.210913744717075,0.253571342379252,0.802415159928855,"Mathys","Ex"
"110","Ex3","LOADAD",0.640452850904541,0.443033598742287,1.44560785620481,0.163775721899717,"Mathys","Ex"
"111","Ex4","(Intercept)",0.125562727350608,0.397287878719725,0.316049731381784,0.755239410994484,"Mathys","Ex"
"112","Ex4","scale(age_death)",0.276879515632289,0.187041706447772,1.48030896900314,0.154372398738531,"Mathys","Ex"
"113","Ex4","factor(msex)1",-0.661261412242436,0.381941638735852,-1.7313153245901,0.098794109641339,"Mathys","Ex"
"114","Ex4","scale(pmi)",-0.125735236093071,0.195275100004754,-0.643887705549812,0.526963924608805,"Mathys","Ex"
"115","Ex4","LOADAD",0.299754297696503,0.410183937589831,0.730780194509338,0.473388346488984,"Mathys","Ex"
"116","Ex5","(Intercept)",-0.320811417058156,0.463094952793423,-0.692755157712252,0.496429291671283,"Mathys","Ex"
"117","Ex5","scale(age_death)",0.205954579934908,0.218023440576547,0.94464420610131,0.356113771230242,"Mathys","Ex"
"118","Ex5","factor(msex)1",0.165485968293378,0.445206749650175,0.37170588366733,0.714020774253601,"Mathys","Ex"
"119","Ex5","scale(pmi)",0.112932806459834,0.227620619863484,0.496144885852458,0.625200765575674,"Mathys","Ex"
"120","Ex5","LOADAD",0.377153362933334,0.478127124912336,0.788813985407092,0.439471830426247,"Mathys","Ex"
"121","Ex6","(Intercept)",0.0227663828953594,0.431326428383572,0.0527822581627518,0.958429053325479,"Mathys","Ex"
"122","Ex6","scale(age_death)",-0.0736402907100617,0.203066933380569,-0.362640482544993,0.720677547836489,"Mathys","Ex"
"123","Ex6","factor(msex)1",0.586886119319378,0.414665364112767,1.41532466926699,0.172356700646277,"Mathys","Ex"
"124","Ex6","scale(pmi)",-0.251896842868609,0.21200574180295,-1.18816047493061,0.248688699719575,"Mathys","Ex"
"125","Ex6","LOADAD",-0.475737062763533,0.445327386657437,-1.06828611268296,0.29811676015353,"Mathys","Ex"
"126","Ex7","(Intercept)",-0.107446550691548,0.461569342930504,-0.232785284242167,0.818293855687063,"Mathys","Ex"
"127","Ex7","scale(age_death)",0.22494752255142,0.217305188932289,1.03516866604373,0.3129453205223,"Mathys","Ex"
"128","Ex7","factor(msex)1",0.390090310152904,0.443740070291638,0.879096426645729,0.389789174510903,"Mathys","Ex"
"129","Ex7","scale(pmi)",-0.0122470527527354,0.226870751482123,-0.0539825106265427,0.957484695636092,"Mathys","Ex"
"130","Ex7","LOADAD",-0.124682497159135,0.476551993391045,-0.261634614665904,0.796278689517505,"Mathys","Ex"
"131","Ex8","(Intercept)",-0.308089691576255,0.457802031675967,-0.672975806700487,0.508664826868062,"Mathys","Ex"
"132","Ex8","scale(age_death)",0.0024505509214812,0.215531552323895,0.0113698012892264,0.991041058815681,"Mathys","Ex"
"133","Ex8","factor(msex)1",0.575586862353442,0.440118280875805,1.30780039676621,0.205774821817969,"Mathys","Ex"
"134","Ex8","scale(pmi)",-0.168211489778993,0.225019041119478,-0.747543358740375,0.463435067835756,"Mathys","Ex"
"135","Ex8","LOADAD",0.0496999963228173,0.472662394318724,0.105149038553094,0.917304965354395,"Mathys","Ex"
"136","Ex9","(Intercept)",-0.261248254356275,0.450914162875395,-0.579374692270351,0.568805608193673,"Mathys","Ex"
"137","Ex9","scale(age_death)",0.116573715061242,0.212288768430264,0.549128038771095,0.588996697224512,"Mathys","Ex"
"138","Ex9","factor(msex)1",0.143572145002825,0.43349647326978,0.331195647152301,0.743941754524366,"Mathys","Ex"
"139","Ex9","scale(pmi)",0.341284085772247,0.22163351304048,1.53985776379367,0.139268050870366,"Mathys","Ex"
"140","Ex9","LOADAD",0.30052128867956,0.46555094366152,0.645517515904887,0.525929130798494,"Mathys","Ex"
"141","Exc.Exc.FEZEF2.L5.ET","(Intercept)",0.165030770038083,0.946426016381539,0.174372605128759,0.868413213211018,"Cain","Exc"
"142","Exc.Exc.FEZEF2.L5.ET","scale(age_death)",0.000248259725628128,0.676680803019986,0.000366878629510634,0.999721460843268,"Cain","Exc"
"143","Exc.Exc.FEZEF2.L5.ET","factor(msex)1",-0.244100639754725,0.871447503401145,-0.280109402806287,0.790612664493368,"Cain","Exc"
"144","Exc.Exc.FEZEF2.L5.ET","scale(pmi)",0.319722173388387,0.530310693766037,0.602895957307326,0.572877297938495,"Cain","Exc"
"145","Exc.Exc.FEZEF2.L5.ET","LOADAD",-0.0859609003214403,1.40756311204139,-0.0610707254161921,0.953668842651493,"Cain","Exc"
"146","Exc.Exc.FEZF2.NP","(Intercept)",-0.00341015574597916,0.807260736345194,-0.00422435477466469,0.996792824781219,"Cain","Exc"
"147","Exc.Exc.FEZF2.NP","scale(age_death)",-0.520532985799626,0.577179656794593,-0.901856085313958,0.408473836288585,"Cain","Exc"
"148","Exc.Exc.FEZF2.NP","factor(msex)1",-0.824625234624661,0.743307285625366,-1.10940017751996,0.317744323071345,"Cain","Exc"
"149","Exc.Exc.FEZF2.NP","scale(pmi)",0.206008126518757,0.452332241222667,0.455435424991841,0.66789103218525,"Cain","Exc"
"150","Exc.Exc.FEZF2.NP","LOADAD",0.831445546116621,1.20059086987396,0.692530292358382,0.5194452847814,"Cain","Exc"
"151","Exc.Exc.L3","(Intercept)",1.21782797618832,0.657637652731797,1.85182215636455,0.123259647357565,"Cain","Exc"
"152","Exc.Exc.L3","scale(age_death)",0.748815293872218,0.470201333484192,1.59254183377894,0.172141109887526,"Cain","Exc"
"153","Exc.Exc.L3","factor(msex)1",-0.326397995370015,0.605537760687126,-0.539021703617029,0.612996772905193,"Cain","Exc"
"154","Exc.Exc.L3","scale(pmi)",0.851820862803917,0.368493969766648,2.31162768645398,0.068767530955308,"Cain","Exc"
"155","Exc.Exc.L3","LOADAD",-2.10925795700662,0.97806535857272,-2.15656135709033,0.083549207841479,"Cain","Exc"
"156","Exc.Exc.L5","(Intercept)",1.07641801515478,0.643417717509258,1.67296918605492,0.155191761613132,"Cain","Exc"
"157","Exc.Exc.L5","scale(age_death)",-0.052052606223653,0.460034287123749,-0.113149405773859,0.914314746946888,"Cain","Exc"
"158","Exc.Exc.L5","factor(msex)1",-1.42665847947448,0.592444368458132,-2.40808851502368,0.0610079364040909,"Cain","Exc"
"159","Exc.Exc.L5","scale(pmi)",0.537741143250995,0.360526116408174,1.49154560176768,0.196020197873904,"Cain","Exc"
"160","Exc.Exc.L5","LOADAD",-0.72617755083507,0.956916894848753,-0.758872118095321,0.482149764680922,"Cain","Exc"
"161","Exc.Exc.L6.FEZF2","(Intercept)",-0.356683305905217,0.843176093192058,-0.423023504562257,0.689855852993899,"Cain","Exc"
"162","Exc.Exc.L6.FEZF2","scale(age_death)",-0.45400846175287,0.602858613301731,-0.753092767915116,0.485321041432713,"Cain","Exc"
"163","Exc.Exc.L6.FEZF2","factor(msex)1",-0.586120948528775,0.776377327568659,-0.754943411812784,0.484303922086203,"Cain","Exc"
"164","Exc.Exc.L6.FEZF2","scale(pmi)",-0.131647903669565,0.472456685687047,-0.278645445514487,0.791673653458611,"Cain","Exc"
"165","Exc.Exc.L6.FEZF2","LOADAD",1.29948756033921,1.2540056435366,1.03626930790705,0.347569960040561,"Cain","Exc"
"166","Exc.Exc.L6.IT.THEMIS","(Intercept)",-0.303705552133693,0.724602988227886,-0.419133728493786,0.692515882355713,"Cain","Exc"
"167","Exc.Exc.L6.IT.THEMIS","scale(age_death)",-0.63032828242656,0.518080572023349,-1.21666072125583,0.278026147090905,"Cain","Exc"
"168","Exc.Exc.L6.IT.THEMIS","factor(msex)1",-0.874034725639527,0.667197915228948,-1.31000817851717,0.247146966016638,"Cain","Exc"
"169","Exc.Exc.L6.IT.THEMIS","scale(pmi)",-0.0157132658601197,0.406016642337485,-0.0387010388777579,0.970626451916947,"Cain","Exc"
"170","Exc.Exc.L6.IT.THEMIS","LOADAD",1.48144582990691,1.07765891834208,1.37468897133616,0.227638044946274,"Cain","Exc"
"171","Exc.Exc.RORB_L5_IT_1","(Intercept)",0.348010552198244,0.717851184417111,0.484794842932279,0.648314024253351,"Cain","Exc"
"172","Exc.Exc.RORB_L5_IT_1","scale(age_death)",-0.173705761946586,0.513253130738528,-0.338440725527846,0.748780046887485,"Cain","Exc"
"173","Exc.Exc.RORB_L5_IT_1","factor(msex)1",-1.23356280557604,0.660981008178094,-1.86626058890283,0.120993439711429,"Cain","Exc"
"174","Exc.Exc.RORB_L5_IT_1","scale(pmi)",0.108805691453459,0.402233405506408,0.270503866570889,0.797583452009066,"Cain","Exc"
"175","Exc.Exc.RORB_L5_IT_1","LOADAD",0.537541701179551,1.06761736219369,0.503496589897184,0.636007972649399,"Cain","Exc"
"176","Exc.Exc.RORB_L5_IT_2","(Intercept)",0.38730576645995,0.51853172498707,0.746927811349649,0.488720345848472,"Cain","Exc"
"177","Exc.Exc.RORB_L5_IT_2","scale(age_death)",-0.283944734843004,0.370742623281962,-0.765881010198966,0.478323842639465,"Cain","Exc"
"178","Exc.Exc.RORB_L5_IT_2","factor(msex)1",-1.50879059032001,0.477452193148614,-3.16008725474715,0.0250926932702782,"Cain","Exc"
"179","Exc.Exc.RORB_L5_IT_2","scale(pmi)",0.184113887603921,0.290548774080548,0.633676353261361,0.55414282437591,"Cain","Exc"
"180","Exc.Exc.RORB_L5_IT_2","LOADAD",0.734179057400107,0.771181387537801,0.952018642130572,0.384806806007371,"Cain","Exc"
"181","Exc.Exc.THEMIS.Car3","(Intercept)",-0.125375933036636,0.889624463076241,-0.140931301060559,0.893426080866113,"Cain","Exc"
"182","Exc.Exc.THEMIS.Car3","scale(age_death)",-0.445678460997062,0.636068520561431,-0.700676808535786,0.514760878198068,"Cain","Exc"
"183","Exc.Exc.THEMIS.Car3","factor(msex)1",-0.6113892602412,0.819145927831129,-0.746374045782038,0.489026517025709,"Cain","Exc"
"184","Exc.Exc.THEMIS.Car3","scale(pmi)",0.0401002339263627,0.498483091165373,0.0804445218645527,0.939004366715784,"Cain","Exc"
"185","Exc.Exc.THEMIS.Car3","LOADAD",0.862141126314473,1.32308554088916,0.651614048880833,0.543409712891997,"Cain","Exc"
"186","In0","(Intercept)",0.0460899098518169,0.455162570058687,0.101260325175408,0.920352098340127,"Mathys","In"
"187","In0","scale(age_death)",-0.0179258016767651,0.214288903274067,-0.0836524962463347,0.93416436663405,"Mathys","In"
"188","In0","factor(msex)1",0.11428248477772,0.437580775078415,0.261168888777713,0.796632760887434,"Mathys","In"
"189","In0","scale(pmi)",-0.34521432451071,0.223721691870027,-1.54305253829059,0.138493524562742,"Mathys","In"
"190","In0","LOADAD",-0.157727347726754,0.469937255150669,-0.335634908699002,0.740641496295741,"Mathys","In"
"191","In1","(Intercept)",-0.248700884451868,0.460287308696564,-0.540316623450114,0.594945111654151,"Mathys","In"
"192","In1","scale(age_death)",0.155441783193918,0.216701611819358,0.717307923503099,0.481478628720379,"Mathys","In"
"193","In1","factor(msex)1",0.546770232649422,0.442507557842973,1.23561783964704,0.230918187064585,"Mathys","In"
"194","In1","scale(pmi)",-0.0687414273459176,0.226240605493153,-0.303842129471308,0.764386656252268,"Mathys","In"
"195","In1","LOADAD",-0.0214825425310227,0.475228344021483,-0.0452046743450377,0.964392482099675,"Mathys","In"
"196","In10","(Intercept)",0.177180995030013,0.409763362360835,0.432398333538635,0.670078369949963,"Mathys","In"
"197","In10","scale(age_death)",0.357012338911768,0.192915119340494,1.85061875985802,0.0790526748090949,"Mathys","In"
"198","In10","factor(msex)1",-0.583523372272109,0.393935225555724,-1.4812673110127,0.154119098409327,"Mathys","In"
"199","In10","scale(pmi)",-0.0115767018144696,0.201407054806587,-0.057479127658099,0.954733931440648,"Mathys","In"
"200","In10","LOADAD",0.160797224469687,0.423064378391948,0.38007743663239,0.7078942237872,"Mathys","In"
"201","In11","(Intercept)",0.0820883241250434,0.438431351140475,0.187231875438447,0.85336520013282,"Mathys","In"
"202","In11","scale(age_death)",0.296363672039453,0.206411905497296,1.43578768543143,0.166519607876893,"Mathys","In"
"203","In11","factor(msex)1",-0.220038945975572,0.421495841422087,-0.522042982045045,0.607374566756107,"Mathys","In"
"204","In11","scale(pmi)",0.276320067763848,0.215497956330992,1.28223985261112,0.214422510029083,"Mathys","In"
"205","In11","LOADAD",0.036766203036299,0.452662936893929,0.08122203087485,0.936072697735113,"Mathys","In"
"206","In2","(Intercept)",0.0474189540158483,0.450506905804087,0.105256885976504,0.917220476265067,"Mathys","In"
"207","In2","scale(age_death)",0.0439611448655217,0.21209703326375,0.207269022998802,0.837895577037346,"Mathys","In"
"208","In2","factor(msex)1",0.415619593581632,0.433104947523504,0.959627905333676,0.348701012318588,"Mathys","In"
"209","In2","scale(pmi)",0.0917751114316809,0.221433337878873,0.41445932356348,0.682949303144648,"Mathys","In"
"210","In2","LOADAD",-0.385806810835987,0.465130466928984,-0.82945934155479,0.416635177342576,"Mathys","In"
"211","In3","(Intercept)",0.662466456936239,0.389795473666898,1.69952321586564,0.104722275451361,"Mathys","In"
"212","In3","scale(age_death)",0.314088155931237,0.183514309057762,1.71151861423719,0.102450722030329,"Mathys","In"
"213","In3","factor(msex)1",0.0899482387102512,0.374738646605381,0.240029256456624,0.812750606009981,"Mathys","In"
"214","In3","scale(pmi)",-0.126207421801062,0.191592430020758,-0.658728644902035,0.517582598240407,"Mathys","In"
"215","In3","LOADAD",-1.10256501799556,0.40244832729009,-2.73964368399727,0.0126307248932286,"Mathys","In"
"216","In4","(Intercept)",0.324609095702552,0.433712407833351,0.748443184561321,0.462904358629633,"Mathys","In"
"217","In4","scale(age_death)",-0.129658839227287,0.204190243936316,-0.634990373329128,0.532632654771249,"Mathys","In"
"218","In4","factor(msex)1",0.252583194968355,0.416959179126644,0.605774396182887,0.551478065470075,"Mathys","In"
"219","In4","scale(pmi)",-0.277850501873433,0.213178499394161,-1.30337019288092,0.207253823626321,"Mathys","In"
"220","In4","LOADAD",-0.696639108261503,0.447790815566651,-1.55572442319959,0.13545651251659,"Mathys","In"
"221","In5","(Intercept)",0.604646135280478,0.375129440415591,1.61183333041153,0.122667591167048,"Mathys","In"
"222","In5","scale(age_death)",0.406968899160116,0.176609593275886,2.30434197605779,0.0320575206053041,"Mathys","In"
"223","In5","factor(msex)1",0.129357989582684,0.360639125643881,0.358690947222461,0.723584893287234,"Mathys","In"
"224","In5","scale(pmi)",-0.28568498376142,0.184383775382083,-1.54940413368486,0.136964279788538,"Mathys","In"
"225","In5","LOADAD",-1.04177807856276,0.387306231117333,-2.68980459094952,0.0140886589456652,"Mathys","In"
"226","In6","(Intercept)",0.277515993682932,0.462667380225323,0.599817505067634,0.555363397050776,"Mathys","In"
"227","In6","scale(age_death)",0.190805180091728,0.217822140947106,0.875967793090699,0.391447181298889,"Mathys","In"
"228","In6","factor(msex)1",-0.00655481600968149,0.444795693144085,-0.0147366894749994,0.988388266412658,"Mathys","In"
"229","In6","scale(pmi)",0.0304064141751466,0.227410459220617,0.133707193061197,0.894970392248944,"Mathys","In"
"230","In6","LOADAD",-0.42870262812232,0.477685673237158,-0.897457579619476,0.380151615287403,"Mathys","In"
"231","In7","(Intercept)",0.301471147114965,0.45763121128944,0.658764392982567,0.517560113775026,"Mathys","In"
"232","In7","scale(age_death)",0.0187131721474183,0.215451130699418,0.0868557620777848,0.931649878870796,"Mathys","In"
"233","In7","factor(msex)1",-0.0232956116152226,0.439954058854813,-0.0529501004624446,0.958296991326648,"Mathys","In"
"234","In7","scale(pmi)",-0.304215743018092,0.2249350794135,-1.3524602023451,0.191323086965663,"Mathys","In"
"235","In7","LOADAD",-0.453576958655715,0.472486029061894,-0.959979620045651,0.348528287459559,"Mathys","In"
"236","In8","(Intercept)",0.614944656440974,0.424082031922768,1.45006062542391,0.162543696925992,"Mathys","In"
"237","In8","scale(age_death)",0.0129383611612362,0.199656297544964,0.0648031708507584,0.948974080273037,"Mathys","In"
"238","In8","factor(msex)1",-0.029362219406741,0.407700800620902,-0.0720190378876476,0.943302106432095,"Mathys","In"
"239","In8","scale(pmi)",-0.34419060557194,0.208444973103143,-1.65123006061474,0.114307277465501,"Mathys","In"
"240","In8","LOADAD",-0.938829361133965,0.4378478353675,-2.14419093872184,0.0444880300290847,"Mathys","In"
"241","In9","(Intercept)",0.603076910427405,0.442595313190298,1.36259217496076,0.188158836291748,"Mathys","In"
"242","In9","scale(age_death)",0.0735122906635499,0.208372283875545,0.35279303608083,0.727934476905219,"Mathys","In"
"243","In9","factor(msex)1",-0.355608069222021,0.425498960002167,-0.835743686001513,0.413172656043525,"Mathys","In"
"244","In9","scale(pmi)",-0.293812936837641,0.217544628654133,-1.35058695153887,0.191912700299652,"Mathys","In"
"245","In9","LOADAD",-0.675601620626305,0.456962062140526,-1.47846326117668,0.154861198621531,"Mathys","In"
"246","Inh.Inh.ADARB2.LAMP5.1","(Intercept)",0.623595315816253,0.810360560058306,0.769528215651789,0.476341652148074,"Cain","Inh"
"247","Inh.Inh.ADARB2.LAMP5.1","scale(age_death)",0.449119426905969,0.579395985554689,0.775151085101153,0.473297402499326,"Cain","Inh"
"248","Inh.Inh.ADARB2.LAMP5.1","factor(msex)1",0.302840870502271,0.74616153264417,0.405865026878423,0.70162735749467,"Cain","Inh"
"249","Inh.Inh.ADARB2.LAMP5.1","scale(pmi)",0.535464198370137,0.4540691648019,1.1792569059468,0.291347284202215,"Cain","Inh"
"250","Inh.Inh.ADARB2.LAMP5.1","LOADAD",-1.55003150213478,1.20520105327646,-1.28611860894153,0.254736122400904,"Cain","Inh"
"251","Inh.Inh.ADARB2.NOT.VIP","(Intercept)",0.0474479860165311,0.707654346105372,0.0670496638332889,0.949140719075551,"Cain","Inh"
"252","Inh.Inh.ADARB2.NOT.VIP","scale(age_death)",0.645481289678245,0.505962540013399,1.27574916842886,0.258096370527037,"Cain","Inh"
"253","Inh.Inh.ADARB2.NOT.VIP","factor(msex)1",0.996924945970799,0.651591991883588,1.52998342273812,0.186574358586769,"Cain","Inh"
"254","Inh.Inh.ADARB2.NOT.VIP","scale(pmi)",-0.201181760621849,0.396519813206829,-0.507368746582433,0.633476379839973,"Cain","Inh"
"255","Inh.Inh.ADARB2.NOT.VIP","LOADAD",-1.09182091800386,1.05245221117436,-1.0374066455574,0.347088547532534,"Cain","Inh"
"256","Inh.Inh.Chandelier","(Intercept)",0.372913683114493,0.65485453075279,0.569460339055468,0.593672789700598,"Cain","Inh"
"257","Inh.Inh.Chandelier","scale(age_death)",1.03247811336116,0.468211441846536,2.20515352911766,0.0785823421729629,"Cain","Inh"
"258","Inh.Inh.Chandelier","factor(msex)1",0.647756781326031,0.602975125406304,1.07426783300481,0.331787924277697,"Cain","Inh"
"259","Inh.Inh.Chandelier","scale(pmi)",-0.0942234801504692,0.3669345036045,-0.256785554982935,0.807575933793868,"Cain","Inh"
"260","Inh.Inh.Chandelier","LOADAD",-1.39358414755502,0.973926186819031,-1.43089298389916,0.211868762952362,"Cain","Inh"
"261","Inh.Inh.LAMP5.LHX6","(Intercept)",0.1648680770396,0.395876302454554,0.416463617593091,0.694344756627312,"Cain","Inh"
"262","Inh.Inh.LAMP5.LHX6","scale(age_death)",0.378370612122085,0.283045784461548,1.33678236134793,0.238889899470235,"Cain","Inh"
"263","Inh.Inh.LAMP5.LHX6","factor(msex)1",-0.831690645836672,0.364513875842802,-2.28164330895141,0.0713912174605706,"Cain","Inh"
"264","Inh.Inh.LAMP5.LHX6","scale(pmi)",0.3188795799524,0.221821286573313,1.43755175564275,0.210070680122816,"Cain","Inh"
"265","Inh.Inh.LAMP5.LHX6","LOADAD",0.50195449175747,0.588763274277673,0.85255740921221,0.432835083949654,"Cain","Inh"
"266","Inh.Inh.PVALB_not_chandelier","(Intercept)",0.368655968781736,0.897016450314677,0.410980165026417,0.698107998259287,"Cain","Inh"
"267","Inh.Inh.PVALB_not_chandelier","scale(age_death)",0.511740277424095,0.64135368366329,0.797906506907596,0.461122462452756,"Cain","Inh"
"268","Inh.Inh.PVALB_not_chandelier","factor(msex)1",0.18120837259885,0.82595230119007,0.219393265613228,0.835018864493758,"Cain","Inh"
"269","Inh.Inh.PVALB_not_chandelier","scale(pmi)",0.445208311570533,0.502625041843898,0.885766276063903,0.416304322899743,"Cain","Inh"
"270","Inh.Inh.PVALB_not_chandelier","LOADAD",-0.918520310162323,1.33407920376551,-0.688505080935039,0.521770581231252,"Cain","Inh"
"271","Inh.Inh.SST","(Intercept)",-0.214593168314549,0.911538455350867,-0.235418667259571,0.823222135791593,"Cain","Inh"
"272","Inh.Inh.SST","scale(age_death)",0.00871915387336882,0.651736705536378,0.0133783379074729,0.989843350427908,"Cain","Inh"
"273","Inh.Inh.SST","factor(msex)1",0.332374218714802,0.839323832418207,0.396002360325199,0.708437069807919,"Cain","Inh"
"274","Inh.Inh.SST","scale(pmi)",-0.413337777376879,0.5107621539185,-0.809256860959266,0.455136697909544,"Cain","Inh"
"275","Inh.Inh.SST","LOADAD",0.0968121179142963,1.35567691795343,0.0714123819858546,0.94583799515862,"Cain","Inh"
"276","Inh.Inh.VIP","(Intercept)",0.25565795924868,0.712017116565747,0.359061535601542,0.734213776796279,"Cain","Inh"
"277","Inh.Inh.VIP","scale(age_death)",1.00875379788879,0.509081857284289,1.9815159064399,0.104375635952885,"Cain","Inh"
"278","Inh.Inh.VIP","factor(msex)1",0.791019383719932,0.655609131480133,1.20654113211341,0.281575366004186,"Cain","Inh"
"279","Inh.Inh.VIP","scale(pmi)",0.160683767578737,0.398964403475416,0.402752140739889,0.703773275521765,"Cain","Inh"
"280","Inh.Inh.VIP","LOADAD",-1.30233530221729,1.05894070014237,-1.22984724455506,0.273461593454139,"Cain","Inh"
"281","Mic0","(Intercept)",0.276635504762677,0.456832262330351,0.605551594258097,0.551623126897925,"Mathys","Mic"
"282","Mic0","scale(age_death)",-0.251551345687277,0.215074988398892,-1.16959832270563,0.255913046598537,"Mathys","Mic"
"283","Mic0","factor(msex)1",-0.40490175823948,0.439185971301565,-0.921936912145713,0.367549992617219,"Mathys","Mic"
"284","Mic0","scale(pmi)",0.12147532360682,0.224542379695634,0.540990630683968,0.594489060733773,"Mathys","Mic"
"285","Mic0","LOADAD",-0.128566657512073,0.471661146029901,-0.272582676343501,0.787968512336579,"Mathys","Mic"
"286","Mic1","(Intercept)",-0.245440694932233,0.470334914791277,-0.521842387655088,0.607511698400915,"Mathys","Mic"
"287","Mic1","scale(age_death)",-0.00523731864966915,0.221431988682921,-0.0236520417886356,0.981364555394641,"Mathys","Mic"
"288","Mic1","factor(msex)1",0.194392293945675,0.452167049971335,0.429912559878032,0.671855773209753,"Mathys","Mic"
"289","Mic1","scale(pmi)",-0.154615984467898,0.231179208934255,-0.668814402388015,0.511260596887094,"Mathys","Mic"
"290","Mic1","LOADAD",0.237706865372357,0.485602097795603,0.489509552062132,0.629806850174796,"Mathys","Mic"
"291","Mic2","(Intercept)",0.414901547001617,0.431423468990715,0.961703701405606,0.347682448682507,"Mathys","Mic"
"292","Mic2","scale(age_death)",0.121343098877947,0.203112619749892,0.597417821833847,0.55693262825104,"Mathys","Mic"
"293","Mic2","factor(msex)1",0.20099660864171,0.414758656283258,0.484611003524034,0.633217286791132,"Mathys","Mic"
"294","Mic2","scale(pmi)",-0.30927931878954,0.212053439241707,-1.45849706515258,0.160230080189228,"Mathys","Mic"
"295","Mic2","LOADAD",-0.799031123671308,0.445427577225727,-1.79385194030406,0.0879710744346561,"Mathys","Mic"
"296","Mic3","(Intercept)",0.0621407791919783,0.447734960310554,0.138789204999486,0.891004707199073,"Mathys","Mic"
"297","Mic3","scale(age_death)",0.0140054507128827,0.210792011280795,0.0664420374746842,0.947685606926358,"Mathys","Mic"
"298","Mic3","factor(msex)1",0.471473013785462,0.430440075371607,1.09532787665839,0.286388538423356,"Mathys","Mic"
"299","Mic3","scale(pmi)",-0.227209131155179,0.220070870100591,-1.03243619226536,0.314191779761949,"Mathys","Mic"
"300","Mic3","LOADAD",-0.450699727826562,0.462268543426596,-0.974973820380943,0.341219158522777,"Mathys","Mic"
"301","Micr.1","(Intercept)",-0.391323917409491,0.952403496530234,-0.410880387183741,0.698176566457421,"Cain","Micr"
"302","Micr.1","scale(age_death)",-0.0330335873459381,0.680954614175896,-0.0485107034422785,0.963187349416143,"Cain","Micr"
"303","Micr.1","factor(msex)1",0.109459266806631,0.876951430873602,0.124817935125084,0.90553072740396,"Cain","Micr"
"304","Micr.1","scale(pmi)",-0.186160515967544,0.533660053979894,-0.348837269305073,0.74142072502402,"Cain","Micr"
"305","Micr.1","LOADAD",0.673188568012352,1.41645306267105,0.475263590268849,0.654635390173525,"Cain","Micr"
"306","Micr.2","(Intercept)",-0.0988878608277183,0.797854207269116,-0.123942269059645,0.906189411765019,"Cain","Micr"
"307","Micr.2","scale(age_death)",-0.382325763710896,0.570454125650419,-0.670212987372082,0.532426538378825,"Cain","Micr"
"308","Micr.2","factor(msex)1",-0.315270114269843,0.734645968061042,-0.42914564018086,0.685679495624337,"Cain","Micr"
"309","Micr.2","scale(pmi)",-0.606295914363613,0.447061482733443,-1.35618016264021,0.233068656586726,"Cain","Micr"
"310","Micr.2","LOADAD",0.513045835925281,1.18660109876597,0.432365886445609,0.683487810372522,"Cain","Micr"
"311","Micr.3","(Intercept)",0.863482134252793,0.888480549163973,0.97186385798237,0.375753782429308,"Cain","Micr"
"312","Micr.3","scale(age_death)",0.312632831208919,0.635250638792184,0.492140915912079,0.643464686185111,"Cain","Micr"
"313","Micr.3","factor(msex)1",-0.599157217039534,0.818092637974661,-0.732383093585658,0.496807255847077,"Cain","Micr"
"314","Micr.3","scale(pmi)",0.405886684570959,0.497842122119802,0.815291970158534,0.451977636544591,"Cain","Micr"
"315","Micr.3","LOADAD",-1.12780705146605,1.32138426577796,-0.853504223316947,0.432356887290346,"Cain","Micr"
"316","Micr.4","(Intercept)",-0.703292925652976,0.802229423045348,-0.876673063153433,0.420781313266837,"Cain","Micr"
"317","Micr.4","scale(age_death)",-0.121457396045696,0.573582341140696,-0.211752328016499,0.840661160246164,"Cain","Micr"
"318","Micr.4","factor(msex)1",0.617799148967549,0.738674567020754,0.836361743791012,0.441077498364759,"Cain","Micr"
"319","Micr.4","scale(pmi)",0.227398350399621,0.449513046483286,0.505877086724502,0.634450948175744,"Cain","Micr"
"320","Micr.4","LOADAD",0.788786702338404,1.19310809691189,0.661119226648461,0.537778033741279,"Cain","Micr"
"321","Micr.5","(Intercept)",1.20869213413349,0.787427934540402,1.53498762377406,0.185377587774208,"Cain","Micr"
"322","Micr.5","scale(age_death)",0.370113368305536,0.562999492662258,0.657395562747987,0.539979624622443,"Cain","Micr"
"323","Micr.5","factor(msex)1",-0.813808420673657,0.725045693785029,-1.12242363157176,0.312670324246242,"Cain","Micr"
"324","Micr.5","scale(pmi)",0.429998034138572,0.441219331494514,0.974567530126269,0.374533946229242,"Cain","Micr"
"325","Micr.5","LOADAD",-1.60357584759332,1.17109472358713,-1.36929644997585,0.229207877644774,"Cain","Micr"
"326","Micr.6","(Intercept)",-1.17041780756212,0.753666919230288,-1.55296428395378,0.181139794898857,"Cain","Micr"
"327","Micr.6","scale(age_death)",-0.521122612068645,0.538860858944049,-0.967081953381874,0.377919203569329,"Cain","Micr"
"328","Micr.6","factor(msex)1",1.01655596274841,0.693959320423515,1.46486390892195,0.202846824501309,"Cain","Micr"
"329","Micr.6","scale(pmi)",-0.373600560892016,0.422302028777283,-0.884676216152037,0.416839042049046,"Cain","Micr"
"330","Micr.6","LOADAD",1.32427965237583,1.12088397393206,1.18146006471148,0.290547163617264,"Cain","Micr"
"331","Oli0","(Intercept)",-0.0725968165817081,0.45429720011496,-0.15980027295642,0.874641273069651,"Mathys","Oli"
"332","Oli0","scale(age_death)",-0.107388839167917,0.213881490212524,-0.502095057693911,0.621083652110655,"Mathys","Oli"
"333","Oli0","factor(msex)1",-0.347100829912723,0.436748832217523,-0.79473785459339,0.436096041928376,"Mathys","Oli"
"334","Oli0","scale(pmi)",0.267284181167533,0.223296344882732,1.19699308695762,0.245305424244979,"Mathys","Oli"
"335","Oli0","LOADAD",0.373758148343461,0.469043795093106,0.796851279674788,0.434895585000033,"Mathys","Oli"
"336","Oli1","(Intercept)",0.452024247306295,0.414937085303816,1.08938020561677,0.288938913447077,"Mathys","Oli"
"337","Oli1","scale(age_death)",-0.236930990114765,0.195350889520701,-1.21284827878738,0.239319570365095,"Mathys","Oli"
"338","Oli1","factor(msex)1",-0.141855606588699,0.398909100483837,-0.355608850278527,0.725856686314593,"Mathys","Oli"
"339","Oli1","scale(pmi)",0.263934112290902,0.203950045215314,1.29411156546821,0.210371557694497,"Mathys","Oli"
"340","Oli1","LOADAD",-0.599896181474561,0.428406041610039,-1.40029813589936,0.17674705783248,"Mathys","Oli"
"341","Oli3","(Intercept)",0.0231237330091831,0.471643246217329,0.0490280168212731,0.961383286419755,"Mathys","Oli"
"342","Oli3","scale(age_death)",-0.137599523532366,0.222047946419454,-0.619683837437693,0.54246207557505,"Mathys","Oli"
"343","Oli3","factor(msex)1",-0.193588813920406,0.453424843817163,-0.426947964056571,0.673978133263989,"Mathys","Oli"
"344","Oli3","scale(pmi)",-0.0904065514356969,0.231822280529807,-0.389982150244928,0.700671891486334,"Mathys","Oli"
"345","Oli3","LOADAD",0.109060777613456,0.486952897970378,0.223965763563626,0.825055947207729,"Mathys","Oli"
"346","Oli4","(Intercept)",0.632478537573042,0.436522032836155,1.44890404148383,0.16286298358029,"Mathys","Oli"
"347","Oli4","scale(age_death)",-0.18011466070491,0.205513005296909,-0.876414903498172,0.391209955085989,"Mathys","Oli"
"348","Oli4","factor(msex)1",-0.431677479161615,0.419660275322334,-1.02863555248362,0.315931336294678,"Mathys","Oli"
"349","Oli4","scale(pmi)",0.129771795229674,0.21455948742019,0.604828976756133,0.552093746093812,"Mathys","Oli"
"350","Oli4","LOADAD",-0.664489605586667,0.450691641664126,-1.47437747709968,0.155947738762112,"Mathys","Oli"
"351","Oli5","(Intercept)",0.0810630154196783,0.412786258726117,0.196380120961011,0.846294385564156,"Mathys","Oli"
"352","Oli5","scale(age_death)",-0.35085832664113,0.194338288092582,-1.80539990387269,0.0860890566298495,"Mathys","Oli"
"353","Oli5","factor(msex)1",-0.606812609726888,0.396841354973025,-1.52910628421812,0.141900984909291,"Mathys","Oli"
"354","Oli5","scale(pmi)",0.309081950581014,0.202892870059589,1.52337512151234,0.143321222052245,"Mathys","Oli"
"355","Oli5","LOADAD",0.328448495701918,0.426185398690964,0.770670456357148,0.449911156945536,"Mathys","Oli"
"356","Olig.1","(Intercept)",-0.744210426571758,0.406191969868249,-1.83216430106471,0.12641522564788,"Cain","Olig"
"357","Olig.1","scale(age_death)",-0.762713325578504,0.290421336262072,-2.62623034311171,0.0467451827514714,"Cain","Olig"
"358","Olig.1","factor(msex)1",0.901441396097932,0.374012307265842,2.41019180007144,0.0608496572608968,"Cain","Olig"
"359","Olig.1","scale(pmi)",-0.526827729846777,0.227601462358982,-2.31469395840631,0.0685051247828644,"Cain","Olig"
"360","Olig.1","LOADAD",0.586979457045586,0.604105152751299,0.971651134528952,0.375849895911947,"Cain","Olig"
"361","Olig.2","(Intercept)",-0.635802571229839,0.841416703957715,-0.755633407607976,0.483925089793451,"Cain","Olig"
"362","Olig.2","scale(age_death)",-0.833996091506815,0.601600675650702,-1.38629513772529,0.224293545782739,"Cain","Olig"
"363","Olig.2","factor(msex)1",-0.102796339315052,0.77475732206454,-0.132681984909964,0.899619243852537,"Cain","Olig"
"364","Olig.2","scale(pmi)",-0.197302423628122,0.471470847481715,-0.418482764484763,0.692961537562909,"Cain","Olig"
"365","Olig.2","LOADAD",1.37440148177473,1.25138900859301,1.09830074608057,0.322124804769555,"Cain","Olig"
"366","Olig.3","(Intercept)",-0.227225224336213,0.83919539539102,-0.270765575674231,0.797393240995075,"Cain","Olig"
"367","Olig.3","scale(age_death)",0.311312121127704,0.600012472411728,0.51884274984551,0.62600813755156,"Cain","Olig"
"368","Olig.3","factor(msex)1",-0.007331228959841,0.77271199176801,-0.00948766039344973,0.992796970964438,"Cain","Olig"
"369","Olig.3","scale(pmi)",-0.306758909817591,0.470226182112545,-0.652364588546391,0.542963618614652,"Cain","Olig"
"370","Olig.3","LOADAD",0.461781677632267,1.24808538850563,0.369992054938783,0.726543176013644,"Cain","Olig"
"371","Olig.4","(Intercept)",-0.798935732088829,0.388318584597542,-2.05742337291648,0.0947433456187454,"Cain","Olig"
"372","Olig.4","scale(age_death)",-0.555573441618436,0.277642126383726,-2.00104158851811,0.101803978304226,"Cain","Olig"
"373","Olig.4","factor(msex)1",-0.271798401912303,0.357554901507878,-0.760158512066473,0.481445918418109,"Cain","Olig"
"374","Olig.4","scale(pmi)",0.302677874309111,0.217586472091602,1.39106935922784,0.222931251948696,"Cain","Olig"
"375","Olig.4","LOADAD",1.86966986608996,0.577523130111499,3.23739391308708,0.0230158137306102,"Cain","Olig"
"376","OPC.NA","(Intercept)",-0.467026105022179,0.82512636547596,-0.566005553286111,0.59584745159155,"Cain","OPC"
"377","OPC.NA","scale(age_death)",0.22218086774515,0.589953321145966,0.376607537887185,0.721918200718094,"Cain","OPC"
"378","OPC.NA","factor(msex)1",0.697668878458775,0.759757549706463,0.91827830961117,0.400601598437977,"Cain","OPC"
"379","OPC.NA","scale(pmi)",-0.519159891876076,0.46234288549376,-1.12288932773701,0.312490197123482,"Cain","OPC"
"380","OPC.NA","LOADAD",0.236383331585582,1.22716135726824,0.19262612058759,0.854831366055225,"Cain","OPC"
"381","Opc0","(Intercept)",0.277172087195685,0.45956112750425,0.603123438009064,0.553205353505805,"Mathys","Opc"
"382","Opc0","scale(age_death)",0.00861671974344352,0.216359728322085,0.0398258946351431,0.968626812418041,"Mathys","Opc"
"383","Opc0","factor(msex)1",-0.315568832417588,0.44180942721914,-0.714264596850859,0.483317347034669,"Mathys","Opc"
"384","Opc0","scale(pmi)",0.247748647526767,0.225883672617657,1.09679750048212,0.285760888996248,"Mathys","Opc"
"385","Opc0","LOADAD",-0.196404761930067,0.474478590815251,-0.413938090636721,0.683324790825592,"Mathys","Opc"
"386","Opc1","(Intercept)",-0.462063322876111,0.432463981492825,-1.06844348350379,0.298047521633631,"Mathys","Opc"
"387","Opc1","scale(age_death)",-0.0272459140021189,0.203602489298901,-0.133819159559097,0.894882989727533,"Mathys","Opc"
"388","Opc1","factor(msex)1",0.649647190233815,0.415758976382281,1.56255721977841,0.133842028188164,"Mathys","Opc"
"389","Opc1","scale(pmi)",-0.317267138763708,0.212564872370653,-1.49256617627057,0.151158243026209,"Mathys","Opc"
"390","Opc1","LOADAD",0.234738549318562,0.446501865010702,0.525728037693495,0.604858015659688,"Mathys","Opc"
"391","Opc2","(Intercept)",-0.10684467113743,0.191565411345093,-0.557745108509992,0.583208201748667,"Mathys","Opc"
"392","Opc2","scale(age_death)",0.0717193364753336,0.0901883076569599,0.795217676643021,0.435823315564287,"Mathys","Opc"
"393","Opc2","factor(msex)1",0.206358260659909,0.184165717237674,1.12050311944646,0.275774685255737,"Mathys","Opc"
"394","Opc2","scale(pmi)",0.897363816676638,0.0941583090287409,9.5303731124008,7.05935965120201e-09,"Mathys","Opc"
"395","Opc2","LOADAD",0.0121761031573027,0.197783670080152,0.0615627324155138,0.951522125245034,"Mathys","Opc"
"396","Per","(Intercept)",-0.0185004436661658,0.464750583871086,-0.0398072521223502,0.968641490071526,"Mathys","Per"
"397","Per","scale(age_death)",0.0141653940593812,0.218802905741736,0.0647404293437553,0.949023410386513,"Mathys","Per"
"398","Per","factor(msex)1",0.208841352146607,0.446798427828182,0.467417383632598,0.645253887400715,"Mathys","Per"
"399","Per","scale(pmi)",-0.266668857571576,0.228434396325287,-1.16737611262292,0.25678834468837,"Mathys","Per"
"400","Per","LOADAD",-0.127724070881571,0.479836498167871,-0.266182483761138,0.792823524326909,"Mathys","Per"
"401","Peri.NA","(Intercept)",-0.233313204068615,0.725309913125105,-0.321673811217263,0.760712512998947,"Cain","Peri"
"402","Peri.NA","scale(age_death)",-0.810481768681424,0.518586013018044,-1.56286854704125,0.178845549281431,"Cain","Peri"
"403","Peri.NA","factor(msex)1",0.0607354919654772,0.667848835560924,0.0909419747875516,0.931069615220652,"Cain","Peri"
"404","Peri.NA","scale(pmi)",-0.0498607359286309,0.406412753418748,-0.122684968690578,0.907135314501615,"Cain","Peri"
"405","Peri.NA","LOADAD",0.405890916171755,1.07871028568732,0.376274261548488,0.722150879178379,"Cain","Peri"
