"","gene","entrez_id","ensembl_id","class","pct.1","pct.2","avg_logFC","roc_myAUC","roc_power","MAST_p_val","MAST_p_val_adj"
"1","AASS",10157,"ENSG00000008311","Non-neuronal",0.56,0.14,3.26766113541397,0.735,0.47,0,0
"2","ABCA8",10351,"ENSG00000141338","Non-neuronal",0.454,0.109,5.23814026538592,0.692,0.384,0,0
"3","ABCG2",9429,"ENSG00000118777","Non-neuronal",0.468,0.407,3.26400494817927,0.566,0.132,1.38712213359201e-81,6.97458879991398e-77
"4","ABTB2",25841,"ENSG00000166016","Non-neuronal",0.552,0.338,3.28235440360092,0.663,0.326,0,0
"5","ACACB",32,"ENSG00000076555","Non-neuronal",0.58,0.373,3.01434530067978,0.666,0.332,0,0
"6","ACSBG1",23205,"ENSG00000103740","Non-neuronal",0.382,0.18,3.95471097640903,0.626,0.252,0,0
"7","ACSS1",84532,"ENSG00000154930","Non-neuronal",0.421,0.056,4.17970207512544,0.691,0.382,0,0
"8","ACSS3",79611,"ENSG00000111058","Non-neuronal",0.355,0.234,2.83737231528825,0.58,0.16,2.23030610257318e-138,1.12142021143482e-133
"9","ACTL6B",51412,"ENSG00000077080","Neuronal",0.65,0.122,2.51304371785798,0.793,0.586,0,0
"10","ADGRG1",9289,"ENSG00000205336","Non-neuronal",0.447,0.192,2.74106468184512,0.649,0.298,7.04094896284293e-277,3.54025954800705e-272
"11","ADGRL2",23266,"ENSG00000117114","Neuronal",0.952,0.627,3.36596884667165,0.916,0.832,0,0
"12","ADGRV1",84059,"ENSG00000164199","Non-neuronal",0.684,0.761,3.12417026421859,0.494,0.012,1.16950048165545e-80,5.88036537181175e-76
"13","AHNAK",79026,"ENSG00000124942","Non-neuronal",0.534,0.422,2.65779979223131,0.607,0.214,2.37781261223804e-172,1.19558795955941e-167
"14","ANKRD18B",441459,"ENSG00000230453","Neuronal",0.517,0.181,2.64463058164345,0.695,0.39,0,0
"15","ANKRD30B",374860,"ENSG00000180777","Neuronal",0.573,0.157,3.49214160352359,0.742,0.484,0,0
"16","ANKRD30BL",554226,"ENSG00000163046","Neuronal",0.964,0.514,2.99248875853058,0.942,0.884,0,0
"17","ANKRD34C.AS1",NA,NA,"Neuronal",0.732,0.126,3.5843672832429,0.843,0.686,0,0
"18","ANLN",54443,"ENSG00000011426","Non-neuronal",0.397,0.16,3.18331224240206,0.637,0.274,3.28842574608e-275,1.65345334938648e-270
"19","AOAH",313,"ENSG00000136250","Non-neuronal",0.481,0.428,2.90767430694875,0.556,0.112,1.98165862234454e-87,9.9639777190106e-83
"20","APBB1IP",54518,"ENSG00000077420","Non-neuronal",0.432,0.258,4.95726366768209,0.617,0.234,1.51447247439941e-219,7.61491904852767e-215
"21","APCDD1",147495,"ENSG00000154856","Non-neuronal",0.369,0.034,3.99639615374817,0.672,0.344,0,0
"22","APOD",347,"ENSG00000189058","Non-neuronal",0.566,0.234,3.87157086420402,0.711,0.422,0,0
"23","ARHGAP24",83478,"ENSG00000138639","Non-neuronal",0.787,0.777,3.38767284249623,0.625,0.25,9.43027920791956e-314,4.74163868853404e-309
"24","ARHGAP31",57514,"ENSG00000031081","Non-neuronal",0.436,0.137,3.02056162763791,0.667,0.334,0,0
"25","ASIC2",40,"ENSG00000108684","Neuronal",0.974,0.673,3.675709536534,0.935,0.87,0,0
"26","ATP10B",23120,"ENSG00000118322","Non-neuronal",0.744,0.543,3.15618430412331,0.732,0.464,0,0
"27","ATP13A4",84239,"ENSG00000127249","Non-neuronal",0.522,0.281,3.31710343421516,0.666,0.332,0,0
"28","ATP1A2",477,"ENSG00000018625","Non-neuronal",0.429,0.143,4.49678788359981,0.664,0.328,0,0
"29","BCAS1",8537,"ENSG00000064787","Non-neuronal",0.638,0.169,4.88847708787295,0.779,0.558,0,0
"30","BCL11A",53335,"ENSG00000119866","Neuronal",0.84,0.298,3.18315324862781,0.87,0.74,0,0
"31","BEST1",7439,"ENSG00000167995","Non-neuronal",0.535,0.344,3.0220945894435,0.647,0.294,6.37462483657499e-220,3.20522511407827e-215
"32","BMP7",655,"ENSG00000101144","Non-neuronal",0.386,0.159,2.77043878883479,0.634,0.268,8.84094395481489e-310,4.44531502992047e-305
"33","BMPR1B",658,"ENSG00000138696","Non-neuronal",0.694,0.546,3.63845993363937,0.698,0.396,0,0
"34","BNC2",54796,"ENSG00000173068","Non-neuronal",0.59,0.45,4.10942000584257,0.634,0.268,1.15824584804373e-209,5.82377594854869e-205
"35","C10orf11",83938,"ENSG00000148655","Non-neuronal",0.803,0.713,2.84257165287606,0.669,0.338,2.11418689702717e-266,1.06303431369423e-261
"36","C10orf90",118611,"ENSG00000154493","Non-neuronal",0.626,0.183,4.66575257175181,0.768,0.536,0,0
"37","C11orf87",399947,"ENSG00000185742","Neuronal",0.658,0.035,2.70067400096498,0.816,0.632,0,0
"38","C3",718,"ENSG00000125730","Non-neuronal",0.377,0.211,4.66404570434693,0.606,0.212,1.99206883091401e-205,1.00163212887187e-200
"39","C8orf34",116328,"ENSG00000165084","Neuronal",0.885,0.446,3.74192191208283,0.873,0.746,0,0
"40","CACNA1B",774,"ENSG00000148408","Neuronal",0.995,0.41,2.82599012675905,0.968,0.936,0,0
"41","CACNG3",10368,"ENSG00000006116","Neuronal",0.899,0.265,3.15092579939752,0.917,0.834,0,0
"42","CALY",50632,"ENSG00000130643","Neuronal",0.932,0.08,2.55343254038805,0.938,0.876,0,0
"43","CAMKV",79012,"ENSG00000164076","Neuronal",0.81,0.036,2.64825412371566,0.891,0.782,0,0
"44","CAPN3",825,"ENSG00000092529","Non-neuronal",0.47,0.221,3.35575561898752,0.657,0.314,0,0
"45","CARD11",84433,"ENSG00000198286","Non-neuronal",0.478,0.426,2.52770035022064,0.563,0.126,2.51537633640224e-76,1.26475637570641e-71
"46","CARNS1",57571,"ENSG00000172508","Non-neuronal",0.428,0.073,4.70596974711191,0.69,0.38,0,0
"47","CBLN2",147381,"ENSG00000141668","Neuronal",0.617,0.101,4.22064942902269,0.783,0.566,0,0
"48","CCK",885,"ENSG00000187094","Neuronal",0.713,0.124,2.65629249840458,0.807,0.614,0,0
"49","CCKBR",887,"ENSG00000110148","Neuronal",0.365,0.028,2.52972915357126,0.672,0.344,0,0
"50","CCSER1",401145,"ENSG00000184305","Neuronal",1,0.87,2.70170116360545,0.975,0.95,0,0
"51","CD22",933,"ENSG00000012124","Non-neuronal",0.401,0.102,4.15512465553982,0.667,0.334,0,0
"52","CD38",952,"ENSG00000004468","Non-neuronal",0.378,0.256,3.02841322771904,0.585,0.17,5.91079477888716e-125,2.97200672277225e-120
"53","CD9",928,"ENSG00000010278","Non-neuronal",0.453,0.101,4.77235618535024,0.695,0.39,0,0
"54","CDC14A",8556,"ENSG00000079335","Non-neuronal",0.426,0.182,3.38602958288998,0.648,0.296,0,0
"55","CDH1",999,"ENSG00000039068","Non-neuronal",0.471,0.372,2.85535845917567,0.589,0.178,2.84984315047217e-153,1.43292963448891e-148
"56","CDH12",1010,"ENSG00000154162","Neuronal",0.955,0.904,3.19767446900432,0.784,0.568,0,0
"57","CDH18",1016,"ENSG00000145526","Neuronal",0.966,0.75,2.64466291322119,0.9,0.8,0,0
"58","CDH20",28316,"ENSG00000101542","Non-neuronal",0.834,0.494,2.72414426078694,0.822,0.644,0,0
"59","CDH23",64072,"ENSG00000107736","Non-neuronal",0.389,0.251,2.68558433625063,0.59,0.18,2.35428339207246e-124,1.18375723236796e-119
"60","CDH9",1007,"ENSG00000113100","Neuronal",0.84,0.321,5.25668466027805,0.875,0.75,0,0
"61","CDK18",5129,"ENSG00000117266","Non-neuronal",0.489,0.286,2.9540089211656,0.645,0.29,0,0
"62","CECR2",27443,"ENSG00000099954","Non-neuronal",0.835,0.656,3.44971595826465,0.768,0.536,0,0
"63","CELF4",56853,"ENSG00000101489","Neuronal",0.993,0.254,2.8760727735465,0.971,0.942,0,0
"64","CERCAM",51148,"ENSG00000167123","Non-neuronal",0.576,0.209,4.78131088495206,0.727,0.454,0,0
"65","CHD5",26038,"ENSG00000116254","Neuronal",0.966,0.133,3.45163090625441,0.971,0.942,0,0
"66","CHD7",55636,"ENSG00000171316","Non-neuronal",0.619,0.174,3.18576829558973,0.757,0.514,0,0
"67","CHRM3",1131,"ENSG00000133019","Neuronal",0.973,0.845,3.74698662340234,0.9,0.8,0,0
"68","CKMT1B",1159,"ENSG00000237289","Neuronal",0.784,0.026,3.77119365832663,0.885,0.77,0,0
"69","CLDN10",9071,"ENSG00000134873","Non-neuronal",0.397,0.277,2.59757122178293,0.584,0.168,1.30387513956374e-141,6.55601458924044e-137
"70","CLDN11",5010,"ENSG00000013297","Non-neuronal",0.553,0.24,4.06524651169998,0.703,0.406,0,0
"71","CLIC4",25932,"ENSG00000169504","Non-neuronal",0.625,0.376,3.33850807646081,0.695,0.39,0,0
"72","CLMN",79789,"ENSG00000165959","Non-neuronal",0.544,0.262,3.25044453575574,0.685,0.37,0,0
"73","CLSTN2",64084,"ENSG00000158258","Neuronal",0.834,0.398,2.50727354869122,0.831,0.662,0,0
"74","CNDP1",84735,"ENSG00000150656","Non-neuronal",0.533,0.178,5.54995338589289,0.715,0.43,0,0
"75","CNKSR3",154043,"ENSG00000153721","Non-neuronal",0.494,0.328,2.54459140812723,0.616,0.232,1.99076948072544e-166,1.00097880260356e-161
"76","CNR1",1268,"ENSG00000118432","Neuronal",0.7,0.047,4.15074044719004,0.838,0.676,0,0
"77","CNTN2",6900,"ENSG00000184144","Non-neuronal",0.457,0.329,2.81482582482419,0.615,0.23,2.66499009366768e-320,1.33998366899705e-315
"78","CNTN4",152330,"ENSG00000144619","Neuronal",0.97,0.661,2.58883682016242,0.915,0.83,0,0
"79","CNTN5",53942,"ENSG00000149972","Neuronal",0.983,0.875,3.04486156890632,0.871,0.742,0,0
"80","COL24A1",255631,"ENSG00000171502","Neuronal",0.772,0.541,2.86735610396243,0.707,0.414,0,0
"81","COL4A5",1287,"ENSG00000188153","Non-neuronal",0.635,0.281,5.44572476750829,0.751,0.502,0,0
"82","COL5A3",50509,"ENSG00000080573","Non-neuronal",0.47,0.387,3.328513792973,0.587,0.174,2.86274880778803e-252,1.4394187280439e-247
"83","COL9A2",1298,"ENSG00000049089","Non-neuronal",0.493,0.033,4.93058431771142,0.737,0.474,0,0
"84","COLEC12",81035,"ENSG00000158270","Non-neuronal",0.372,0.243,3.39229306773648,0.588,0.176,2.61061293951262e-140,1.31264229211634e-135
"85","CORO6",84940,"ENSG00000167549","Neuronal",0.921,0.031,2.74960932393915,0.949,0.898,0,0
"86","CPM",1368,"ENSG00000135678","Non-neuronal",0.532,0.261,3.83586335770956,0.683,0.366,0,0
"87","CPNE4",131034,"ENSG00000196353","Neuronal",0.774,0.473,2.71710161099814,0.758,0.516,0,0
"88","CREB5",9586,"ENSG00000146592","Non-neuronal",0.801,0.645,2.71296092067114,0.716,0.432,0,0
"89","CRYAB",1410,"ENSG00000109846","Non-neuronal",0.491,0.298,2.99047002288571,0.645,0.29,1.73064226487914e-284,8.70184237203882e-280
"90","CSF1R",1436,"ENSG00000182578","Non-neuronal",0.38,0.244,4.22455138819836,0.592,0.184,5.99237237709385e-185,3.01302475492656e-180
"91","CSRP1",1465,"ENSG00000159176","Non-neuronal",0.43,0.099,3.50568477363804,0.679,0.358,0,0
"92","CST3",1471,"ENSG00000101439","Non-neuronal",0.499,0.362,2.71529105745811,0.632,0.264,0,0
"93","CTNNA3",29119,"ENSG00000183230","Non-neuronal",0.952,0.95,2.99570532448308,0.633,0.266,5.84448489052671e-217,2.93866544780574e-212
"94","CUEDC1",404093,"ENSG00000180891","Non-neuronal",0.616,0.385,2.6879558720151,0.676,0.352,0,0
"95","CYP27A1",1593,"ENSG00000135929","Non-neuronal",0.413,0.171,3.10867997111447,0.642,0.284,1.56311583636019e-304,7.85950273680267e-300
"96","CYP4X1",260293,"ENSG00000186377","Neuronal",0.787,0.162,2.82034584731913,0.861,0.722,0,0
"97","DAAM2",23500,"ENSG00000146122","Non-neuronal",0.597,0.131,4.33012368933698,0.764,0.528,0,0
"98","DCLK1",9201,"ENSG00000133083","Neuronal",0.991,0.414,2.62627000267122,0.965,0.93,0,0
"99","DGCR5",26220,NA,"Neuronal",0.874,0.236,2.5824142891521,0.898,0.796,0,0
"100","DLGAP2",9228,"ENSG00000282152, ENSG00000274161, ENSG00000282318, ENSG00000198010","Neuronal",0.97,0.486,3.83991841193028,0.958,0.916,0,0
"101","DLGAP3",58512,"ENSG00000116544","Neuronal",0.674,0.1,2.64425791358795,0.811,0.622,0,0
"102","DOCK1",1793,"ENSG00000150760","Non-neuronal",0.843,0.419,4.34090994883947,0.859,0.718,0,0
"103","DOCK2",1794,"ENSG00000134516","Non-neuronal",0.486,0.349,3.44612242575815,0.601,0.202,3.09170216179726e-130,1.55453876397328e-125
"104","DOCK5",80005,"ENSG00000147459","Non-neuronal",0.783,0.398,4.99237632119859,0.819,0.638,0,0
"105","DOCK8",81704,"ENSG00000107099","Non-neuronal",0.441,0.293,4.99244146771549,0.608,0.216,6.78379777671035e-224,3.41096136010773e-219
"106","DPY19L2P1",554236,NA,"Neuronal",0.938,0.361,3.15953380738145,0.931,0.862,0,0
"107","EBF1",1879,"ENSG00000164330","Non-neuronal",0.446,0.292,3.27222330381633,0.604,0.208,1.96206410665094e-99,9.86545453465161e-95
"108","EFHD1",80303,"ENSG00000115468","Non-neuronal",0.536,0.283,3.34219768310318,0.67,0.34,0,0
"109","EFNB3",1949,"ENSG00000108947","Neuronal",0.516,0.012,2.58617114289943,0.752,0.504,0,0
"110","EIF4E1B",253314,"ENSG00000175766","Neuronal",0.358,0.056,2.78667227708105,0.659,0.318,0,0
"111","ELAVL2",1993,"ENSG00000107105","Neuronal",0.834,0.124,3.37074748095024,0.895,0.79,0,0
"112","ELF1",1997,"ENSG00000120690","Non-neuronal",0.537,0.349,2.86426354059679,0.642,0.284,8.89528140644817e-281,4.47263644397621e-276
"113","ENPP2",5168,"ENSG00000136960","Non-neuronal",0.584,0.278,4.01623359555108,0.706,0.412,0,0
"114","ENTPD3",956,"ENSG00000168032","Neuronal",0.459,0.052,2.53583280820199,0.709,0.418,0,0
"115","EPHA5",2044,"ENSG00000145242","Neuronal",0.97,0.899,2.52654383155254,0.845,0.69,0,0
"116","EPHA7",2045,"ENSG00000135333","Neuronal",0.807,0.126,3.43623842767367,0.882,0.764,0,0
"117","EPHB6",2051,"ENSG00000106123, ENSG00000275482","Neuronal",0.76,0.045,2.68929902421287,0.863,0.726,0,0
"118","ERBB3",2065,"ENSG00000065361","Non-neuronal",0.441,0.138,3.9660836684293,0.674,0.348,0,0
"119","ERICH1.AS1",NA,NA,"Neuronal",0.851,0.255,3.91130806883391,0.893,0.786,0,0
"120","ERICH3",127254,"ENSG00000178965","Neuronal",0.717,0.045,2.77526183919438,0.843,0.686,0,0
"121","EYA2",2139,"ENSG00000064655","Non-neuronal",0.615,0.465,3.56249660062258,0.658,0.316,0,0
"122","FA2H",79152,"ENSG00000103089","Non-neuronal",0.552,0.156,5.09287007313671,0.734,0.468,0,0
"123","FAM107B",83641,"ENSG00000065809","Non-neuronal",0.698,0.44,3.56524573359727,0.722,0.444,0,0
"124","FAM153B",202134,"ENSG00000182230","Neuronal",0.807,0.066,2.80517131042347,0.887,0.774,0,0
"125","FAM153C",653316,NA,"Neuronal",0.862,0.103,2.93010853520611,0.913,0.826,0,0
"126","FAXDC2",10826,"ENSG00000170271","Non-neuronal",0.538,0.296,2.93723918205849,0.667,0.334,0,0
"127","FBLN1",2192,"ENSG00000077942","Non-neuronal",0.353,0.231,2.62219114114344,0.582,0.164,7.86505045502622e-127,3.95462601929174e-122
"128","FGF13",2258,"ENSG00000129682","Neuronal",0.819,0.492,2.51070234166487,0.773,0.546,0,0
"129","FGFR2",2263,"ENSG00000066468","Non-neuronal",0.689,0.309,3.18113343182895,0.762,0.524,0,0
"130","FIRRE",286467,NA,"Non-neuronal",0.365,0.225,3.2618799750884,0.594,0.188,2.03524447912315e-185,1.02334127654791e-180
"131","FLT1",2321,"ENSG00000102755","Non-neuronal",0.529,0.426,2.63067136660872,0.583,0.166,5.77084044752406e-39,2.90163628541957e-34
"132","FOLH1",2346,"ENSG00000086205","Non-neuronal",0.391,0.068,4.84394267709571,0.672,0.344,0,0
"133","FOXO1",2308,"ENSG00000150907","Non-neuronal",0.571,0.278,2.89661015983456,0.695,0.39,0,0
"134","FRAS1",80144,"ENSG00000138759","Neuronal",0.862,0.537,2.87552345258884,0.825,0.65,0,0
"135","FRMD4B",23150,"ENSG00000114541","Non-neuronal",0.831,0.594,3.32833620359934,0.776,0.552,0,0
"136","FRMPD4",9758,"ENSG00000169933","Neuronal",0.996,0.562,3.71173133980304,0.985,0.97,0,0
"137","GABBR2",9568,"ENSG00000136928","Neuronal",0.995,0.539,2.94935661225259,0.974,0.948,0,0
"138","GABRA1",2554,"ENSG00000022355","Neuronal",0.943,0.102,2.81808779093595,0.948,0.896,0,0
"139","GABRA4",2557,"ENSG00000109158","Neuronal",0.888,0.064,3.31110807850554,0.93,0.86,0,0
"140","GABRA5",2558,"ENSG00000186297","Neuronal",0.686,0.067,2.86762421875473,0.825,0.65,0,0
"141","GABRB2",2561,"ENSG00000145864","Neuronal",0.985,0.243,3.43246680560873,0.975,0.95,0,0
"142","GABRG2",2566,"ENSG00000113327","Neuronal",0.961,0.105,2.83681130032578,0.963,0.926,0,0
"143","GABRG3",2567,"ENSG00000182256","Neuronal",0.972,0.415,3.90917692678875,0.965,0.93,0,0
"144","GAD2",2572,"ENSG00000136750","Neuronal",0.438,0.174,3.44959780020189,0.656,0.312,0,0
"145","GALNT14",79623,"ENSG00000158089","Neuronal",0.606,0.258,2.86529986817219,0.728,0.456,0,0
"146","GALNTL6",442117,"ENSG00000174473","Neuronal",0.948,0.665,3.41677435781946,0.886,0.772,0,0
"147","GATM",2628,"ENSG00000171766","Non-neuronal",0.53,0.299,2.52442059277619,0.654,0.308,1.02421567827928e-249,5.14985885195602e-245
"148","GDA",9615,"ENSG00000119125","Neuronal",0.825,0.448,2.51394892874227,0.826,0.652,0,0
"149","GLDN",342035,"ENSG00000186417","Non-neuronal",0.467,0.25,3.04342030179336,0.645,0.29,5.82996724137833e-310,2.93136582863744e-305
"150","GLI3",2737,"ENSG00000106571","Non-neuronal",0.528,0.285,3.88702131694585,0.664,0.328,0,0
"151","GLRA3",8001,"ENSG00000145451","Neuronal",0.595,0.217,3.03782939797612,0.734,0.468,0,0
"152","GLUL",2752,"ENSG00000135821","Non-neuronal",0.623,0.229,3.30425689519255,0.744,0.488,0,0
"153","GPR22",2845,"ENSG00000172209, ENSG00000283812","Neuronal",0.726,0.054,2.55504978538283,0.841,0.682,0,0
"154","GPRC5B",51704,"ENSG00000167191","Non-neuronal",0.653,0.171,3.6627202666387,0.781,0.562,0,0
"155","GRAMD3",65983,"ENSG00000155324","Non-neuronal",0.498,0.189,3.1177893412173,0.685,0.37,0,0
"156","GRIA1",2890,"ENSG00000155511","Neuronal",0.993,0.382,2.81843962848932,0.966,0.932,0,0
"157","GRIN2A",2903,"ENSG00000183454","Neuronal",0.956,0.536,2.55524131252313,0.918,0.836,0,0
"158","GRIN2B",2904,"ENSG00000273079","Neuronal",0.998,0.371,2.80125467523274,0.974,0.948,0,0
"159","GRIN3A",116443,"ENSG00000198785","Neuronal",0.612,0.225,3.424725635649,0.743,0.486,0,0
"160","GRIP1",23426,"ENSG00000155974","Neuronal",0.969,0.592,2.96671744322562,0.911,0.822,0,0
"161","GRIP2",80852,"ENSG00000144596","Neuronal",0.407,0.105,2.94253739383089,0.665,0.33,0,0
"162","GRM1",2911,"ENSG00000152822","Neuronal",0.776,0.336,2.8994599657183,0.812,0.624,0,0
"163","GSN",2934,"ENSG00000148180","Non-neuronal",0.755,0.347,3.33129764702805,0.789,0.578,0,0
"164","GULP1",51454,"ENSG00000144366","Neuronal",0.538,0.179,2.60701288653988,0.709,0.418,0,0
"165","HAPLN2",60484,"ENSG00000132702","Non-neuronal",0.352,0.146,3.3788032176292,0.621,0.242,1.15487844715391e-319,5.80684432013459e-315
"166","HCN1",348980,"ENSG00000164588","Neuronal",0.989,0.53,4.03032276773187,0.978,0.956,0,0
"167","HEPACAM",220296,"ENSG00000165478","Non-neuronal",0.417,0.044,3.64060729414227,0.692,0.384,0,0
"168","HEPH",9843,"ENSG00000089472","Non-neuronal",0.413,0.33,3.33404996907004,0.578,0.156,1.94727227213234e-227,9.79107971150862e-223
"169","HHATL",57467,"ENSG00000010282","Non-neuronal",0.412,0.178,2.73970214024958,0.639,0.278,1.52761451407127e-278,7.68099853820176e-274
"170","HIF3A",64344,"ENSG00000124440","Non-neuronal",0.454,0.271,3.08831197733328,0.63,0.26,4.09802255877376e-318,2.06052672277703e-313
"171","HIP1",3092,"ENSG00000127946","Non-neuronal",0.945,0.878,2.70277552381598,0.767,0.534,0,0
"172","HS3ST2",9956,"ENSG00000122254","Neuronal",0.494,0.164,2.61276767483379,0.692,0.384,0,0
"173","HTR1E",3354,"ENSG00000168830","Neuronal",0.72,0.089,4.50928213092412,0.844,0.688,0,0
"174","HTR2C",3358,"ENSG00000147246","Neuronal",0.437,0.33,2.59294567905877,0.555,0.11,1.02211168975509e-68,5.13927978725755e-64
"175","IGFBP7",3490,"ENSG00000163453","Non-neuronal",0.368,0.214,3.18042670512055,0.598,0.196,1.33180652155983e-186,6.69645637105497e-182
"176","IL1RAPL2",26280,"ENSG00000189108","Neuronal",0.891,0.764,3.5490465363709,0.679,0.358,0,0
"177","INPP5D",3635,"ENSG00000168918, ENSG00000281614","Non-neuronal",0.444,0.293,4.14814362179972,0.605,0.21,8.80496772930157e-185,4.42722582397012e-180
"178","ITGAM",3684,"ENSG00000169896","Non-neuronal",0.379,0.29,3.45518037755083,0.57,0.14,5.88044494001665e-121,2.95674652028977e-116
"179","ITIH5",80760,"ENSG00000123243","Non-neuronal",0.525,0.449,2.6235186725604,0.577,0.154,7.76756179284089e-64,3.90560774505833e-59
"180","ITPKB",3707,"ENSG00000143772","Non-neuronal",0.488,0.15,3.37421492206412,0.693,0.386,0,0
"181","JPH1",56704,"ENSG00000104369","Neuronal",0.69,0.148,2.62257630697485,0.807,0.614,0,0
"182","KANK1",23189,"ENSG00000107104","Non-neuronal",0.863,0.585,3.4931070965285,0.821,0.642,0,0
"183","KAT2B",8850,"ENSG00000114166","Non-neuronal",0.75,0.496,2.51507376546537,0.74,0.48,0,0
"184","KCNA3",3738,"ENSG00000177272","Neuronal",0.559,0.034,2.72776390962401,0.767,0.534,0,0
"185","KCNB2",9312,"ENSG00000182674","Neuronal",0.926,0.341,3.67344321599372,0.931,0.862,0,0
"186","KCNC2",3747,"ENSG00000166006","Neuronal",0.949,0.245,4.19624657346738,0.957,0.914,0,0
"187","KCNH7",90134,"ENSG00000184611","Neuronal",0.93,0.269,4.29626775132923,0.943,0.886,0,0
"188","KCNH8",131096,"ENSG00000183960","Non-neuronal",0.704,0.443,3.98100098858023,0.744,0.488,0,0
"189","KCNJ10",3766,"ENSG00000177807","Non-neuronal",0.441,0.025,4.74448910836051,0.713,0.426,0,0
"190","KCNJ3",3760,"ENSG00000162989","Neuronal",0.981,0.224,3.07440090724775,0.969,0.938,0,0
"191","KCNQ5",56479,"ENSG00000185760","Neuronal",0.957,0.489,4.51411707369888,0.944,0.888,0,0
"192","KCNT1",57582,"ENSG00000107147","Neuronal",0.712,0.052,2.61561495492475,0.843,0.686,0,0
"193","KHDRBS2",202559,"ENSG00000112232","Neuronal",0.987,0.571,2.79056277542985,0.95,0.9,0,0
"194","KIAA1755",85449,"ENSG00000149633","Non-neuronal",0.497,0.063,4.64546148050555,0.73,0.46,0,0
"195","KLHL29",114818,"ENSG00000119771","Neuronal",0.839,0.214,2.51931497639333,0.88,0.76,0,0
"196","KRT222",125113,"ENSG00000213424","Neuronal",0.623,0.04,2.59449859410878,0.799,0.598,0,0
"197","LAMA1",284217,"ENSG00000101680","Non-neuronal",0.531,0.376,3.09250690124692,0.627,0.254,1.48583999222135e-206,7.47095206488817e-202
"198","LDB3",11155,"ENSG00000122367","Non-neuronal",0.464,0.258,3.31273147187372,0.638,0.276,1.89567516568325e-312,9.53164430057197e-308
"199","LINC00599",157627,NA,"Neuronal",0.971,0.08,2.7827080837459,0.962,0.924,0,0
"200","LINC00609",101101773,NA,"Non-neuronal",0.496,0.214,3.65800316594906,0.676,0.352,0,0
"201","LINC00639",283547,NA,"Non-neuronal",0.437,0.179,4.45665481308387,0.659,0.318,0,0
"202","LINC00710",254312,NA,"Neuronal",0.497,0.037,2.57470274990661,0.734,0.468,0,0
"203","LINC01170",103724389,NA,"Non-neuronal",0.584,0.393,3.62639111575707,0.665,0.33,0,0
"204","LINC01202",104326188,NA,"Neuronal",0.4,0.165,2.79282643905138,0.636,0.272,0,0
"205","LINC01250",101927554,NA,"Neuronal",0.81,0.217,3.82399816789498,0.87,0.74,0,0
"206","LINC01378",103689918,NA,"Neuronal",0.606,0.268,4.22090101923324,0.717,0.434,0,0
"207","LINC01411",101928176,NA,"Non-neuronal",0.43,0.289,2.83656844993132,0.603,0.206,2.86465067521524e-194,1.44037500600498e-189
"208","LINC01470",101927134,NA,"Non-neuronal",0.701,0.66,2.57671498399901,0.6,0.2,2.58103812577208e-160,1.29777178001946e-155
"209","LINCR.0002",NA,NA,"Neuronal",0.398,0.147,3.11061898426634,0.643,0.286,0,0
"210","LINCR.0003",NA,NA,"Neuronal",0.423,0.088,2.87654987857851,0.68,0.36,0,0
"211","LINGO2",158038,"ENSG00000174482","Neuronal",0.972,0.658,4.79753438315115,0.93,0.86,0,0
"212","LITAF",9516,"ENSG00000189067","Non-neuronal",0.497,0.363,2.9941098183444,0.613,0.226,7.70612327201423e-200,3.87471584240148e-195
"213","LOC100132813",100132813,NA,"Neuronal",0.381,0.012,2.55685268462762,0.685,0.37,0,0
"214","LOC100132891",100132891,NA,"Neuronal",0.492,0.182,2.90455437137256,0.68,0.36,0,0
"215","LOC100420794",100420794,NA,"Neuronal",0.49,0.007,2.58604202127648,0.743,0.486,0,0
"216","LOC100506393",100506393,NA,"Neuronal",0.653,0.126,3.30891799712353,0.795,0.59,0,0
"217","LOC100507336",100507336,NA,"Non-neuronal",0.39,0.168,4.36059254131787,0.633,0.266,1.66549529213084e-320,8.37427687836309e-316
"218","LOC100507387",100507387,NA,"Neuronal",0.624,0.02,2.85489937569053,0.806,0.612,0,0
"219","LOC101926964",101926964,NA,"Non-neuronal",0.436,0.294,2.87063607557616,0.603,0.206,6.44349154089416e-193,3.23985198167699e-188
"220","LOC101927437",101927437,NA,"Non-neuronal",0.37,0.149,4.23766946070023,0.63,0.26,0,0
"221","LOC101927459",101927459,NA,"Non-neuronal",0.448,0.136,4.80993139090043,0.678,0.356,0,0
"222","LOC101927885",101927885,NA,"Neuronal",0.781,0.039,2.88507270579026,0.876,0.752,0,0
"223","LOC101927967",101927967,NA,"Non-neuronal",0.631,0.47,4.5102346991972,0.661,0.322,0,0
"224","LOC101928322",101928322,NA,"Neuronal",0.383,0.065,2.68913038575672,0.668,0.336,0,0
"225","LOC101929249",101929249,NA,"Non-neuronal",0.434,0.006,4.9960042717641,0.715,0.43,0,0
"226","LOC101929544",101929544,NA,"Neuronal",0.553,0.074,3.34488524385424,0.755,0.51,0,0
"227","LOC101929617",101929617,NA,"Neuronal",0.385,0.008,2.58466345761776,0.689,0.378,0,0
"228","LOC102723658",102723658,NA,"Neuronal",0.385,0.049,2.6704317869984,0.674,0.348,0,0
"229","LOC105369345",105369345,NA,"Non-neuronal",0.808,0.287,3.05655673895213,0.844,0.688,0,0
"230","LOC105369862",105369862,NA,"Neuronal",0.583,0.004,3.2237399762407,0.79,0.58,0,0
"231","LOC105370302",105370302,NA,"Neuronal",0.433,0.179,2.62991514789235,0.649,0.298,0,0
"232","LOC105370359",105370359,NA,"Non-neuronal",0.401,0.384,2.59092883896721,0.518,0.036,2.48676756481206e-14,1.25037159926315e-09
"233","LOC105370731",105370731,NA,"Neuronal",0.387,0.178,2.54676768997246,0.62,0.24,3.08221768787134e-246,1.54976987563859e-241
"234","LOC105371255",105371255,NA,"Non-neuronal",0.353,0.072,2.84854657647683,0.646,0.292,1.03614955825902e-312,5.20986359388217e-308
"235","LOC105371308",105371308,NA,"Neuronal",0.483,0.317,2.79860592216146,0.602,0.204,8.97259783552857e-185,4.51151191768212e-180
"236","LOC105371639",105371639,NA,"Neuronal",0.397,0.023,2.92167963565843,0.69,0.38,0,0
"237","LOC105371671",105371671,NA,"Neuronal",0.359,0.141,2.58066861699705,0.621,0.242,4.02830070041228e-256,2.0254698751743e-251
"238","LOC105371832",105371832,NA,"Neuronal",0.695,0.28,4.18790681442505,0.773,0.546,0,0
"239","LOC105372079",105372079,NA,"Neuronal",0.516,0.038,3.58261589595764,0.747,0.494,0,0
"240","LOC105373153",105373153,NA,"Neuronal",0.658,0.22,3.1762199889653,0.773,0.546,0,0
"241","LOC105373893",105373893,NA,"Neuronal",0.63,0.292,3.64659475216832,0.729,0.458,0,0
"242","LOC105373895",105373895,NA,"Neuronal",0.467,0.174,2.8123938758933,0.676,0.352,0,0
"243","LOC105373896",105373896,NA,"Neuronal",0.476,0.065,3.56176673957521,0.718,0.436,0,0
"244","LOC105374214",105374214,NA,"Non-neuronal",0.71,0.625,2.50725292348632,0.627,0.254,1.51540819631023e-171,7.61962395186748e-167
"245","LOC105374971",105374971,NA,"Neuronal",0.397,0.266,3.25566837154673,0.576,0.152,8.73160356069025e-131,4.39033758635066e-126
"246","LOC105375483",105375483,NA,"Non-neuronal",0.476,0.282,3.98053952308741,0.634,0.268,2.03236537349959e-250,1.02189363344933e-245
"247","LOC105375629",105375629,NA,"Neuronal",0.596,0.098,2.99877208723583,0.769,0.538,0,0
"248","LOC105375931",105375931,NA,"Neuronal",0.424,0.231,2.59206833783074,0.616,0.232,9.43783418038741e-247,4.7454374042406e-242
"249","LOC105376387",105376387,NA,"Non-neuronal",0.517,0.343,2.97218283535519,0.635,0.27,3.37809746758711e-267,1.69854118767747e-262
"250","LOC105376405",105376405,NA,"Neuronal",0.503,0.018,2.93850978299878,0.744,0.488,0,0
"251","LOC105376407",105376407,NA,"Neuronal",0.642,0.119,3.2563627422015,0.791,0.582,0,0
"252","LOC105376423",105376423,NA,"Neuronal",0.503,0.002,2.90804521653755,0.751,0.502,0,0
"253","LOC105377632",105377632,NA,"Non-neuronal",0.635,0.52,2.93694576058266,0.638,0.276,5.58750819797876e-269,2.8094549970257e-264
"254","LOC105377703",105377703,NA,"Neuronal",0.401,0.259,2.51557395839101,0.585,0.17,5.57099730303275e-163,2.8011531539379e-158
"255","LOC105378305",105378305,NA,"Non-neuronal",0.413,0.334,4.72788297260188,0.573,0.146,2.42443340773438e-161,1.21902936174292e-156
"256","LOC284930",284930,NA,"Neuronal",0.436,0.296,2.68513352218843,0.592,0.184,9.56677813920504e-214,4.81027171617369e-209
"257","LOC440040",440040,NA,"Neuronal",0.935,0.404,3.68991572858716,0.925,0.85,0,0
"258","LOC643962",643962,NA,"Neuronal",0.711,0.438,2.64436668869966,0.692,0.384,0,0
"259","LOC730076",730076,NA,"Neuronal",0.434,0.027,2.58111636182669,0.708,0.416,0,0
"260","LPAR1",1902,"ENSG00000198121","Non-neuronal",0.581,0.176,3.87869256751262,0.739,0.478,0,0
"261","LRP2",4036,"ENSG00000081479","Non-neuronal",0.473,0.357,2.97680313488809,0.6,0.2,1.18317073300483e-207,5.94910076262161e-203
"262","LRP4",4038,"ENSG00000134569","Non-neuronal",0.5,0.121,4.22157383517379,0.713,0.426,0,0
"263","LY86.AS1",NA,NA,"Neuronal",0.632,0.189,3.31588921321614,0.764,0.528,0,0
"264","LYN",4067,"ENSG00000254087","Non-neuronal",0.526,0.337,3.89771293711061,0.646,0.292,1.81901654037502e-298,9.14619706665962e-294
"265","LYPD8",646627,"ENSG00000259823","Neuronal",0.366,0.044,2.72626612737274,0.667,0.334,0,0
"266","MAG",4099,"ENSG00000105695","Non-neuronal",0.413,0.103,4.69804062907727,0.673,0.346,0,0
"267","MAL",4118,"ENSG00000172005","Non-neuronal",0.427,0.054,4.62758422341378,0.695,0.39,0,0
"268","MAML2",84441,"ENSG00000184384","Non-neuronal",0.876,0.457,3.53995029853241,0.867,0.734,0,0
"269","MARCH11",441061,"ENSG00000183654","Neuronal",0.573,0.073,2.93328735516599,0.766,0.532,0,0
"270","MARCH4",57574,"ENSG00000144583","Neuronal",0.721,0.171,3.14032514112943,0.825,0.65,0,0
"271","MBP",4155,"ENSG00000197971","Non-neuronal",0.713,0.555,3.87455380171241,0.697,0.394,0,0
"272","MCHR2",84539,"ENSG00000152034","Neuronal",0.564,0.177,3.30640245690651,0.724,0.448,0,0
"273","MECOM",2122,"ENSG00000085276","Non-neuronal",0.391,0.37,3.57483705735144,0.537,0.0740000000000001,2.01189804931659e-60,1.01160245817687e-55
"274","MEG3",55384,NA,"Neuronal",1,0.47,3.05972941629282,0.99,0.98,0,0
"275","MEGF10",84466,"ENSG00000145794","Non-neuronal",0.629,0.267,3.1499948952846,0.737,0.474,0,0
"276","MEIS1",4211,"ENSG00000143995","Non-neuronal",0.459,0.408,3.27999833828282,0.592,0.184,0,0
"277","MERTK",10461,"ENSG00000153208","Non-neuronal",0.537,0.357,3.18239849236929,0.642,0.284,9.14472173633649e-303,4.59805753624735e-298
"278","MIR124.2HG",NA,NA,"Neuronal",0.938,0.097,3.0466163945713,0.947,0.894,0,0
"279","MIR137HG",400765,NA,"Neuronal",0.82,0.072,4.61969334249773,0.9,0.8,0,0
"280","MIR4500HG",642345,NA,"Neuronal",0.676,0.167,3.22996451795252,0.797,0.594,0,0
"281","MLIP",90523,"ENSG00000146147","Neuronal",0.726,0.209,3.84041531729616,0.82,0.64,0,0
"282","MMD2",221938,"ENSG00000136297","Non-neuronal",0.643,0.572,2.50723376094133,0.612,0.224,1.34224478673104e-219,6.74894101216232e-215
"283","MOBP",4336,"ENSG00000168314","Non-neuronal",0.524,0.253,4.23713146581496,0.676,0.352,0,0
"284","MOG",4340,"ENSG00000204655, ENSG00000236561, ENSG00000137345, ENSG00000237834, ENSG00000234096, ENSG00000230885, ENSG00000234623, ENSG00000232641","Non-neuronal",0.473,0.068,5.69067589735392,0.716,0.432,0,0
"285","MTUS2",23281,"ENSG00000132938","Neuronal",0.976,0.674,3.09529381093247,0.943,0.886,0,0
"286","MYO10",4651,"ENSG00000145555","Non-neuronal",0.914,0.847,2.75981389522163,0.732,0.464,0,0
"287","MYO15B",80022,"ENSG00000266714","Non-neuronal",0.489,0.159,3.86187778466482,0.694,0.388,0,0
"288","MYO1E",4643,"ENSG00000157483","Non-neuronal",0.694,0.496,3.03362300232828,0.691,0.382,0,0
"289","MYRF",745,"ENSG00000124920","Non-neuronal",0.423,0.058,4.67386630063837,0.692,0.384,0,0
"290","NCKAP5",344148,"ENSG00000176771","Non-neuronal",0.958,0.711,3.50226433823394,0.919,0.838,0,0
"291","NDE1",54820,"ENSG00000275911, ENSG00000072864","Non-neuronal",0.481,0.325,2.85270255771658,0.616,0.232,6.92589337378763e-203,3.48240844727416e-198
"292","NDRG2",57447,"ENSG00000165795","Non-neuronal",0.591,0.133,3.76620416078275,0.757,0.514,0,0
"293","NDST3",9348,"ENSG00000164100","Neuronal",0.786,0.245,2.66121743275508,0.837,0.674,0,0
"294","NEAT1",283131,NA,"Non-neuronal",0.664,0.201,3.12940290443423,0.773,0.546,0,0
"295","NELL2",4753,"ENSG00000184613","Neuronal",0.906,0.45,2.91060566313645,0.886,0.772,0,0
"296","NEUROD6",63974,"ENSG00000164600","Neuronal",0.49,0.025,2.62497846186909,0.735,0.47,0,0
"297","NHSL1",57224,"ENSG00000135540","Non-neuronal",0.659,0.431,4.11174265374781,0.703,0.406,0,0
"298","NINJ2",4815,"ENSG00000171840","Non-neuronal",0.39,0.199,3.25551048913163,0.617,0.234,6.71869757407569e-221,3.378228327221e-216
"299","NOTCH2",4853,"ENSG00000134250","Non-neuronal",0.396,0.171,2.56245649225876,0.629,0.258,1.09740759143598e-232,5.51787511049927e-228
"300","NPL",80896,"ENSG00000135838","Non-neuronal",0.402,0.252,2.55165623032946,0.6,0.2,1.30381283751544e-172,6.5557013283114e-168
"301","NPY1R",4886,"ENSG00000164128","Neuronal",0.575,0.032,3.08324222063852,0.777,0.554,0,0
"302","NRG1",3084,"ENSG00000157168","Neuronal",0.919,0.712,4.02473622126203,0.834,0.668,0,0
"303","NRIP3",56675,"ENSG00000175352","Neuronal",0.457,0.074,2.55263438616355,0.702,0.404,0,0
"304","NWD1",284434,"ENSG00000188039","Non-neuronal",0.534,0.437,2.61548370778846,0.597,0.194,3.58515909660224e-167,1.80265384536257e-162
"305","NWD2",57495,"ENSG00000174145","Neuronal",0.63,0.209,3.07963728432384,0.757,0.514,0,0
"306","NYAP2",57624,"ENSG00000144460","Neuronal",0.87,0.417,3.63064639447517,0.87,0.74,0,0
"307","OCA2",4948,"ENSG00000104044, ENSG00000277361","Neuronal",0.638,0.256,2.65271846962416,0.746,0.492,0,0
"308","OLFM3",118427,"ENSG00000118733","Neuronal",0.785,0.14,3.72533820871348,0.866,0.732,0,0
"309","OLIG1",116448,"ENSG00000184221","Non-neuronal",0.434,0.022,4.54087778581601,0.71,0.42,0,0
"310","OLMALINC",90271,NA,"Non-neuronal",0.354,0.174,2.84925871809136,0.608,0.216,1.19454479986334e-217,6.00629070819286e-213
"311","OPALIN",93377,"ENSG00000197430","Non-neuronal",0.358,0.026,5.42685471049677,0.67,0.34,0,0
"312","OPRM1",4988,"ENSG00000112038","Neuronal",0.537,0.232,2.62038875650434,0.691,0.382,0,0
"313","OR2AG2",338755,"ENSG00000188124","Neuronal",0.702,0.189,2.93146907766561,0.804,0.608,0,0
"314","PADI2",11240,"ENSG00000117115","Non-neuronal",0.546,0.114,4.06054549805945,0.739,0.478,0,0
"315","PAK3",5063,"ENSG00000077264","Neuronal",0.999,0.948,2.50415874849009,0.962,0.924,0,0
"316","PALD1",27143,"ENSG00000107719","Non-neuronal",0.395,0.265,3.45148958988094,0.587,0.174,3.81090086148697e-145,1.91615906216426e-140
"317","PCLO",27445,"ENSG00000186472","Neuronal",0.996,0.482,2.7711640164343,0.97,0.94,0,0
"318","PCSK2",5126,"ENSG00000125851","Neuronal",0.911,0.253,3.13708796242913,0.92,0.84,0,0
"319","PCSK6",5046,"ENSG00000140479","Non-neuronal",0.556,0.35,2.82876371041429,0.653,0.306,7.42335310705828e-271,3.73253617575997e-266
"320","PHF21B",112885,"ENSG00000056487","Non-neuronal",0.428,0.26,2.6649186693251,0.614,0.228,3.61836659669215e-216,1.81935090848278e-211
"321","PHLDB1",23187,"ENSG00000019144","Non-neuronal",0.696,0.376,3.16132621079864,0.75,0.5,0,0
"322","PHLPP1",23239,"ENSG00000081913","Non-neuronal",0.911,0.791,2.75667708395334,0.808,0.616,0,0
"323","PIP4K2A",5305,"ENSG00000150867","Non-neuronal",0.844,0.668,3.14283613379663,0.763,0.526,0,0
"324","PLA2G16",11145,"ENSG00000176485","Non-neuronal",0.42,0.199,3.15462602205797,0.635,0.27,6.40550672629442e-280,3.2207528370481e-275
"325","PLCG2",5336,"ENSG00000197943","Non-neuronal",0.388,0.282,3.72316918176602,0.579,0.158,9.40173418886641e-142,4.72728596750392e-137
"326","PLD1",5337,"ENSG00000075651","Non-neuronal",0.628,0.35,3.64188326935294,0.708,0.416,0,0
"327","PLEKHB1",58473,"ENSG00000021300","Non-neuronal",0.49,0.105,3.43296427551083,0.708,0.416,0,0
"328","PLEKHH1",57475,"ENSG00000054690","Non-neuronal",0.594,0.405,3.11843950331809,0.668,0.336,0,0
"329","PLLP",51090,"ENSG00000102934","Non-neuronal",0.504,0.105,5.17957169411489,0.722,0.444,0,0
"330","PLP1",5354,"ENSG00000123560","Non-neuronal",0.616,0.175,6.16404678830217,0.752,0.504,0,0
"331","PLXNB1",5364,"ENSG00000164050","Non-neuronal",0.452,0.092,3.21049275058206,0.691,0.382,0,0
"332","PLXNB3",5365,"ENSG00000198753","Non-neuronal",0.411,0.029,3.90224508990019,0.695,0.39,0,0
"333","PMP22",5376,"ENSG00000109099","Non-neuronal",0.496,0.113,4.09151495462696,0.712,0.424,0,0
"334","PON2",5445,"ENSG00000105854","Non-neuronal",0.608,0.063,4.6316395866389,0.788,0.576,0,0
"335","PPAP2B",8613,"ENSG00000162407","Non-neuronal",0.526,0.148,3.36755477166857,0.715,0.43,0,0
"336","PPP1R14A",94274,"ENSG00000167641","Non-neuronal",0.357,0.033,4.10975267915777,0.667,0.334,0,0
"337","PREX1",57580,"ENSG00000124126","Non-neuronal",0.762,0.292,3.3484757921132,0.809,0.618,0,0
"338","PRKCH",5583,"ENSG00000027075","Non-neuronal",0.363,0.291,3.22859703044313,0.556,0.112,2.77035664068528e-81,1.39296302250297e-76
"339","PRKCQ",5588,"ENSG00000065675","Non-neuronal",0.651,0.451,2.60921333841442,0.671,0.342,5.77348530426061e-305,2.90296614583528e-300
"340","PRMT8",56341,"ENSG00000111218","Neuronal",0.734,0.171,2.89501580901188,0.83,0.66,0,0
"341","PRR16",51334,"ENSG00000184838","Neuronal",0.834,0.26,4.24725525727353,0.878,0.756,0,0
"342","PRR5L",79899,"ENSG00000135362","Non-neuronal",0.458,0.166,4.17220955965223,0.673,0.346,0,0
"343","PSAT1",29968,"ENSG00000135069","Non-neuronal",0.416,0.2,2.60904034169591,0.629,0.258,4.11785825631752e-222,2.07050030985901e-217
"344","PTAFR",5724,"ENSG00000169403","Non-neuronal",0.418,0.308,3.41566908852462,0.589,0.178,4.10163654510619e-169,2.06234387124485e-164
"345","PTGDS",5730,"ENSG00000107317","Non-neuronal",0.803,0.271,4.2505113945497,0.859,0.718,0,0
"346","PTN",5764,"ENSG00000105894","Non-neuronal",0.643,0.214,2.89969891876345,0.759,0.518,0,0
"347","PTPRR",5801,"ENSG00000153233","Neuronal",0.92,0.276,4.02205590000685,0.937,0.874,0,0
"348","PTPRZ1",5803,"ENSG00000106278","Non-neuronal",0.603,0.541,2.56975848191608,0.603,0.206,6.26324129300895e-131,3.14922035453783e-126
"349","PWAR1",145624,NA,"Neuronal",0.505,0.015,2.77242803766566,0.745,0.49,0,0
"350","RAD51B",5890,"ENSG00000182185","Non-neuronal",0.846,0.748,2.52954617676101,0.712,0.424,0,0
"351","RALYL",138046,"ENSG00000184672","Neuronal",0.959,0.612,3.41426070001542,0.908,0.816,0,0
"352","RAPGEF3",10411,"ENSG00000079337","Non-neuronal",0.435,0.135,3.10948087114174,0.669,0.338,0,0
"353","RASSF2",9770,"ENSG00000101265","Non-neuronal",0.521,0.278,3.19576712189872,0.661,0.322,2.32738620298024e-286,1.17023305672049e-281
"354","RBFOX1",54715,"ENSG00000078328","Neuronal",1,0.988,2.60234614478837,0.971,0.942,0,0
"355","RBFOX3",146713,"ENSG00000167281","Neuronal",0.966,0.442,3.27311872483635,0.954,0.908,0,0
"356","RBM47",54502,"ENSG00000163694","Non-neuronal",0.833,0.73,2.85321685265892,0.669,0.338,6.41538861809454e-204,3.22572155106412e-199
"357","RBP4",5950,"ENSG00000138207","Neuronal",0.372,0.023,2.67444439272299,0.677,0.354,0,0
"358","RELN",5649,"ENSG00000189056","Neuronal",0.671,0.635,3.09557565167596,0.518,0.036,7.31417099160755e-70,3.67763831629019e-65
"359","RFTN2",130132,"ENSG00000162944","Non-neuronal",0.804,0.46,4.28248415327397,0.815,0.63,0,0
"360","RGCC",28984,"ENSG00000102760","Non-neuronal",0.368,0.091,3.36424864742732,0.649,0.298,0,0
"361","RIMBP2",23504,"ENSG00000060709","Neuronal",0.909,0.284,2.84806103493173,0.919,0.838,0,0
"362","RIN2",54453,"ENSG00000132669","Non-neuronal",0.87,0.589,2.6346679291583,0.805,0.61,0,0
"363","RNASE1",6035,"ENSG00000129538","Non-neuronal",0.401,0.031,5.14297742990395,0.689,0.378,0,0
"364","RNF125",54941,"ENSG00000101695","Non-neuronal",0.571,0.39,2.81665652941793,0.64,0.28,1.19551379329956e-192,6.01116290408954e-188
"365","RNF219.AS1",NA,NA,"Non-neuronal",0.512,0.343,5.00024103930897,0.636,0.272,0,0
"366","RNF220",55182,"ENSG00000187147","Non-neuronal",0.805,0.664,4.06166325521577,0.723,0.446,0,0
"367","ROBO2",6092,"ENSG00000185008","Neuronal",0.996,0.763,5.01477895623854,0.97,0.94,0,0
"368","RREB1",6239,"ENSG00000124782","Non-neuronal",0.431,0.266,3.1968896505129,0.613,0.226,1.07964638536708e-192,5.42856999026421e-188
"369","RXFP1",59350,"ENSG00000171509","Neuronal",0.671,0.23,3.78449256005463,0.777,0.554,0,0
"370","RYR2",6262,"ENSG00000198626","Neuronal",0.989,0.785,3.14335756310115,0.948,0.896,0,0
"371","S100B",6285,"ENSG00000160307","Non-neuronal",0.577,0.078,4.26949621646863,0.765,0.53,0,0
"372","SAMD5",389432,"ENSG00000203727","Neuronal",0.724,0.462,2.79386590346441,0.73,0.46,0,0
"373","SCD",6319,"ENSG00000099194","Non-neuronal",0.533,0.193,3.90679596687847,0.705,0.41,0,0
"374","SCN3B",55800,"ENSG00000166257","Neuronal",0.885,0.086,2.77272435596177,0.922,0.844,0,0
"375","SFTA1P",207107,NA,"Neuronal",0.552,0.022,3.50102033318741,0.77,0.54,0,0
"376","SH3GL2",6456,"ENSG00000107295","Neuronal",0.878,0.254,2.64991105509224,0.893,0.786,0,0
"377","SHROOM4",57477,"ENSG00000158352","Non-neuronal",0.57,0.211,4.56062241057176,0.727,0.454,0,0
"378","SLC1A2",6506,"ENSG00000110436","Non-neuronal",0.597,0.728,3.089145776953,0.514,0.028,4.43844483730676e-180,2.23169444864621e-175
"379","SLC1A3",6507,"ENSG00000079215","Non-neuronal",0.819,0.124,6.20105427518163,0.893,0.786,0,0
"380","SLC22A24",283238,"ENSG00000197658","Neuronal",0.486,0.212,2.86946128244218,0.662,0.324,0,0
"381","SLC22A25",387601,"ENSG00000196600","Neuronal",0.558,0.259,3.14083047268438,0.684,0.368,0,0
"382","SLC26A4",5172,"ENSG00000091137","Neuronal",0.551,0.099,3.02083244885209,0.747,0.494,0,0
"383","SLC2A5",6518,"ENSG00000142583","Non-neuronal",0.582,0.455,3.47274509049721,0.623,0.246,5.09576551686561e-152,2.5622018595352e-147
"384","SLC35D2",11046,"ENSG00000130958, ENSG00000285269","Non-neuronal",0.609,0.354,3.86448994068339,0.697,0.394,0,0
"385","SLC4A10",57282,"ENSG00000144290","Neuronal",0.998,0.473,2.88980920261815,0.975,0.95,0,0
"386","SLC5A11",115584,"ENSG00000158865, ENSG00000288216","Non-neuronal",0.692,0.496,4.84901471826168,0.7,0.4,0,0
"387","SLC6A7",6534,"ENSG00000011083","Neuronal",0.601,0.039,2.92641921289758,0.79,0.58,0,0
"388","SLCO1A2",6579,"ENSG00000084453","Non-neuronal",0.521,0.246,5.16480256451831,0.686,0.372,0,0
"389","SLIT3",6586,"ENSG00000184347","Neuronal",0.869,0.748,2.80342549059213,0.741,0.482,0,0
"390","SNORD115.",NA,NA,"Neuronal",0.994,0.207,3.22482028474552,0.977,0.954,0,0
"391","SNRPN",6638,"ENSG00000128739","Neuronal",0.937,0.502,2.6622856561436,0.9,0.8,0,0
"392","SPATA22",84690,"ENSG00000141255","Non-neuronal",0.569,0.407,3.06429372704983,0.645,0.29,6.02217621922458e-264,3.02801042478831e-259
"393","SPHKAP",80309,"ENSG00000153820","Neuronal",0.578,0.167,3.2463936392276,0.74,0.48,0,0
"394","SPP1",6696,"ENSG00000118785","Non-neuronal",0.502,0.075,4.35518245972026,0.725,0.45,0,0
"395","SRRM3",222183,"ENSG00000177679","Neuronal",0.98,0.554,2.79310387222278,0.956,0.912,0,0
"396","SRRM4",84530,"ENSG00000139767","Neuronal",0.962,0.416,3.69358773720791,0.959,0.918,0,0
"397","ST18",9705,"ENSG00000147488","Non-neuronal",0.626,0.206,5.88750088611692,0.756,0.512,0,0
"398","ST6GALNAC5",81849,"ENSG00000117069","Neuronal",0.834,0.295,3.08045347352842,0.86,0.72,0,0
"399","STON2",85439,"ENSG00000140022","Non-neuronal",0.432,0.249,3.59141319122798,0.626,0.252,2.98866428009352e-313,1.50273028667382e-308
"400","STXBP5L",9515,"ENSG00000145087","Neuronal",0.997,0.715,2.73809574611287,0.964,0.928,0,0
"401","STYK1",55359,"ENSG00000060140","Neuronal",0.416,0.094,2.64076225866856,0.675,0.35,0,0
"402","SUCLG2",8801,"ENSG00000172340","Non-neuronal",0.519,0.361,2.70216605982124,0.626,0.252,6.12604352535046e-239,3.08023594498147e-234
"403","SULF1",23213,"ENSG00000137573","Neuronal",0.377,0.2,3.05856137274759,0.605,0.21,1.50307897711371e-243,7.55763140482545e-239
"404","SVOP",55530,"ENSG00000166111","Neuronal",0.85,0.255,2.66386625275566,0.885,0.77,0,0
"405","SYN2",6854,"ENSG00000157152","Neuronal",0.987,0.389,2.58126263974175,0.955,0.91,0,0
"406","SYNPR",132204,"ENSG00000163630","Neuronal",0.82,0.316,3.86732298732124,0.846,0.692,0,0
"407","SYT1",6857,"ENSG00000067715","Neuronal",0.995,0.501,3.32208784188728,0.981,0.962,0,0
"408","SYT7",9066,"ENSG00000011347","Neuronal",0.738,0.071,2.72796494943302,0.851,0.702,0,0
"409","SYTL5",94122,"ENSG00000147041","Neuronal",0.355,0.184,3.12364394270069,0.599,0.198,2.42575316337588e-227,1.21969294807703e-222
"410","TANC1",85461,"ENSG00000115183","Non-neuronal",0.781,0.494,2.78206004255509,0.756,0.512,0,0
"411","TBXAS1",6916,"ENSG00000059377","Non-neuronal",0.436,0.262,4.21543914367312,0.617,0.234,1.67721751546226e-227,8.43321738949578e-223
"412","TCERG1L",256536,"ENSG00000176769","Neuronal",0.547,0.203,2.81145915701746,0.709,0.418,0,0
"413","TENM3",55714,"ENSG00000218336","Neuronal",0.933,0.547,2.50349328217462,0.888,0.776,0,0
"414","TF",7018,"ENSG00000091513","Non-neuronal",0.701,0.698,2.95992942067136,0.62,0.24,2.13202986057496e-250,1.07200593419569e-245
"415","TLK2P1",646202,NA,"Neuronal",0.422,0.067,2.75474389053358,0.686,0.372,0,0
"416","TMCC3",57458,"ENSG00000057704","Non-neuronal",0.474,0.285,2.70592194705424,0.629,0.258,5.13197834320475e-215,2.58041003074678e-210
"417","TMEM144",55314,"ENSG00000164124","Non-neuronal",0.709,0.281,3.99340114760941,0.784,0.568,0,0
"418","TMEM261P1",100289059,NA,"Neuronal",0.786,0.067,3.46940643624097,0.879,0.758,0,0
"419","TMEM63A",9725,"ENSG00000196187","Non-neuronal",0.565,0.095,4.94153997168335,0.758,0.516,0,0
"420","TNS3",64759,"ENSG00000136205","Non-neuronal",0.669,0.448,3.31494065735075,0.701,0.402,0,0
"421","TRHDE",29953,"ENSG00000072657","Neuronal",0.732,0.39,2.60472746899902,0.748,0.496,0,0
"422","TSC22D4",81628,"ENSG00000166925","Non-neuronal",0.539,0.137,3.42763140452593,0.728,0.456,0,0
"423","TSPAN15",23555,"ENSG00000099282","Non-neuronal",0.365,0.179,3.25580082176222,0.612,0.224,5.56092175004927e-241,2.79608706514227e-236
"424","TTYH2",94015,"ENSG00000141540","Non-neuronal",0.573,0.127,4.56881099510034,0.753,0.506,0,0
"425","UGT8",7368,"ENSG00000174607","Non-neuronal",0.522,0.078,5.54551513103354,0.739,0.478,0,0
"426","UNC13C",440279,"ENSG00000137766","Neuronal",0.801,0.453,2.73256679486073,0.787,0.574,0,0
"427","UNC5D",137970,"ENSG00000156687","Neuronal",0.923,0.535,2.52465186916512,0.865,0.73,0,0
"428","VRK2",7444,"ENSG00000028116","Non-neuronal",0.427,0.257,3.36360603188903,0.622,0.244,0,0
"429","VSTM2A",222008,"ENSG00000170419","Neuronal",0.519,0.039,2.5873609283105,0.743,0.486,0,0
"430","VWC2L",402117,"ENSG00000174453","Neuronal",0.413,0.058,3.30576329691866,0.686,0.372,0,0
"431","WBSCR17",64409,"ENSG00000185274","Neuronal",0.985,0.827,2.59361372959525,0.934,0.868,0,0
"432","WIPF1",7456,"ENSG00000115935","Non-neuronal",0.512,0.201,3.53985729319296,0.69,0.38,0,0
"433","YAP1",10413,"ENSG00000137693","Non-neuronal",0.396,0.218,3.30702680308391,0.616,0.232,8.76735437305226e-239,4.40831345231441e-234
"434","ZBBX",79740,"ENSG00000169064","Neuronal",0.649,0.174,2.95515213882582,0.776,0.552,0,0
"435","ZBTB20",26137,"ENSG00000181722","Non-neuronal",0.982,0.71,2.76238378214295,0.945,0.89,0,0
"436","ZCCHC24",219654,"ENSG00000165424","Non-neuronal",0.498,0.036,4.62052304182284,0.739,0.478,0,0
"437","ZFHX4",79776,"ENSG00000091656","Non-neuronal",0.606,0.153,3.10156301881751,0.756,0.512,0,0
"438","ZHX2",22882,"ENSG00000178764","Non-neuronal",0.755,0.462,2.81879033838331,0.759,0.518,0,0
"439","ZMAT4",79698,"ENSG00000165061","Neuronal",0.865,0.398,3.8412040058947,0.872,0.744,0,0
"440","ZNF385B",151126,"ENSG00000144331","Neuronal",0.915,0.322,3.74142445734642,0.926,0.852,0,0
"441","ZNF804B",219578,"ENSG00000182348","Neuronal",0.844,0.505,3.05419594946038,0.818,0.636,0,0
