"","gene","entrez_id","ensembl_gene_id","nueron_or_not","pct.1","pct.2","avg_logFC","roc_myAUC","roc_power","MAST_p_val","MAST_p_val_adj"
"1","A2M",2,"ENSG00000175899","Non-neuronal",0.42,0.513,2.13494727182586,0.497,0.00600000000000001,3.93603870371923e-226,1.97907962061707e-221
"2","AASS",10157,"ENSG00000008311","Non-neuronal",0.56,0.161,3.46925879268207,0.733,0.466,0,0
"3","ABCA2",20,"ENSG00000107331","Non-neuronal",0.513,0.615,2.25616083078609,0.556,0.112,0,0
"4","ABCA8",10351,"ENSG00000141338","Non-neuronal",0.454,0.164,4.93722613922784,0.676,0.352,0,0
"5","ABCC4",10257,"ENSG00000125257","Non-neuronal",0.644,0.687,2.3395984772559,0.535,0.0700000000000001,2.67071652173031e-160,1.34286297429122e-155
"6","ABCG2",9429,"ENSG00000118777","Non-neuronal",0.468,0.504,3.1831716952437,0.53,0.0600000000000001,1.40545144523776e-271,7.06675041179998e-267
"7","ABTB2",25841,"ENSG00000166016","Non-neuronal",0.552,0.43,3.20518094251202,0.636,0.272,0,0
"8","ACACB",32,"ENSG00000076555","Non-neuronal",0.58,0.454,2.96937839013649,0.645,0.29,0,0
"9","ACSBG1",23205,"ENSG00000103740","Non-neuronal",0.382,0.247,3.76896649320319,0.603,0.206,0,0
"10","ACSS1",84532,"ENSG00000154930","Non-neuronal",0.421,0.073,4.18020509187602,0.686,0.372,0,0
"11","ACSS3",79611,"ENSG00000111058","Non-neuronal",0.355,0.307,2.83055539721978,0.555,0.11,0,0
"12","ACTL6B",51412,"ENSG00000077080","Neuronal",0.687,0.122,2.43607116103107,0.811,0.622,0,0
"13","ACTN1",87,"ENSG00000072110","Neuronal",0.839,0.185,2.11218131988711,0.875,0.75,0,0
"14","ADAM23",8745,"ENSG00000114948","Neuronal",0.972,0.38,2.00831211843753,0.919,0.838,0,0
"15","ADAMTS3",9508,"ENSG00000156140","Neuronal",0.668,0.265,2.58860044050329,0.739,0.478,0,0
"16","ADD2",119,"ENSG00000075340","Neuronal",0.797,0.123,2.32192736662891,0.868,0.736,0,0
"17","ADGRG1",9289,"ENSG00000205336","Non-neuronal",0.447,0.198,2.88911978921486,0.649,0.298,0,0
"18","ADGRL2",23266,"ENSG00000117114","Neuronal",0.977,0.627,3.50583729322994,0.948,0.896,0,0
"19","ADGRV1",84059,"ENSG00000164199","Non-neuronal",0.684,0.84,3.08053559036686,0.465,0.07,1.76004543339051e-303,8.8496844436308e-299
"20","AFF2",2334,"ENSG00000155966","Neuronal",0.699,0.258,2.06130284465539,0.768,0.536,0,0
"21","AGBL4",84871,"ENSG00000186094","Neuronal",0.998,0.798,2.46074672630841,0.954,0.908,0,0
"22","AHNAK",79026,"ENSG00000124942","Non-neuronal",0.534,0.511,2.60405754233285,0.581,0.162,0,0
"23","AMER2",219287,"ENSG00000165566","Non-neuronal",0.518,0.414,2.15846242790211,0.617,0.234,0,0
"24","ANKRD18B",441459,"ENSG00000230453","Neuronal",0.598,0.181,2.86206538137439,0.74,0.48,0,0
"25","ANKRD30B",374860,"ENSG00000180777","Neuronal",0.638,0.157,3.51023650764911,0.775,0.55,0,0
"26","ANKRD30BL",554226,"ENSG00000163046","Neuronal",0.973,0.514,3.06556294624018,0.947,0.894,0,0
"27","ANKRD33B",651746,"ENSG00000164236","Neuronal",0.74,0.244,2.34731313937309,0.806,0.612,0,0
"28","ANKRD34C.AS1",NA,"NA","Neuronal",0.769,0.126,3.65847261599071,0.862,0.724,0,0
"29","ANLN",54443,"ENSG00000011426","Non-neuronal",0.397,0.179,3.35925140858235,0.633,0.266,0,0
"30","ANO3",63982,"ENSG00000134343","Neuronal",0.823,0.434,2.28802371718427,0.801,0.602,0,0
"31","AOAH",313,"ENSG00000136250","Non-neuronal",0.481,0.509,2.71306257424204,0.526,0.052,1.75737879863249e-212,8.83627633740403e-208
"32","APBB1IP",54518,"ENSG00000077420","Non-neuronal",0.432,0.327,4.98641896207362,0.595,0.19,0,0
"33","APCDD1",147495,"ENSG00000154856","Non-neuronal",0.369,0.043,3.96423879603125,0.669,0.338,0,0
"34","APOD",347,"ENSG00000189058","Non-neuronal",0.566,0.262,3.93750540717885,0.704,0.408,0,0
"35","APOLD1",81575,"ENSG00000178878","Non-neuronal",0.421,0.41,2.11980719628149,0.54,0.0800000000000001,2.7206787325562e-241,1.36798447351659e-236
"36","ARHGAP15",55843,"ENSG00000075884","Non-neuronal",0.431,0.45,2.00704056009989,0.522,0.044,1.287933043748e-128,6.47585613726932e-124
"37","ARHGAP22",58504,"ENSG00000128805","Non-neuronal",0.556,0.592,2.22740297313301,0.567,0.134,0,0
"38","ARHGAP23",57636,"ENSG00000273780, ENSG00000275832","Non-neuronal",0.66,0.593,2.0968709350902,0.614,0.228,0,0
"39","ARHGAP24",83478,"ENSG00000138639","Non-neuronal",0.787,0.863,3.37299425411826,0.594,0.188,0,0
"40","ARHGAP31",57514,"ENSG00000031081","Non-neuronal",0.436,0.17,3.00144537953969,0.658,0.316,0,0
"41","ARHGEF10",9639,"ENSG00000274726, ENSG00000104728","Non-neuronal",0.646,0.502,2.09670311004626,0.657,0.314,0,0
"42","ARHGEF26",26084,"ENSG00000277101, ENSG00000114790","Non-neuronal",0.359,0.346,2.12276601432225,0.537,0.0740000000000001,2.46076018195105e-279,1.23729482708681e-274
"43","ARNTL2",56938,"ENSG00000029153","Neuronal",0.679,0.149,2.47669735773879,0.8,0.6,0,0
"44","ASIC2",40,"ENSG00000108684","Neuronal",0.987,0.673,3.59687021773709,0.948,0.896,0,0
"45","ATP10B",23120,"ENSG00000118322","Non-neuronal",0.744,0.642,3.2727868371561,0.718,0.436,0,0
"46","ATP13A4",84239,"ENSG00000127249","Non-neuronal",0.522,0.334,3.32674832592999,0.652,0.304,0,0
"47","ATP1A2",477,"ENSG00000018625","Non-neuronal",0.429,0.187,4.08082312719781,0.649,0.298,0,0
"48","ATP1A3",478,"ENSG00000105409","Neuronal",0.943,0.232,2.05257568006898,0.924,0.848,0,0
"49","ATP8A2",51761,"ENSG00000132932","Neuronal",0.998,0.685,2.46093360031942,0.961,0.922,0,0
"50","AXL",558,"ENSG00000167601","Non-neuronal",0.533,0.42,2.46784253899901,0.614,0.228,0,0
"51","B2M",567,"ENSG00000273686, ENSG00000166710","Non-neuronal",0.61,0.35,2.2132490946964,0.678,0.356,0,0
"52","BCAN",63827,"ENSG00000132692","Non-neuronal",0.37,0.389,2.15465225199697,0.536,0.0720000000000001,0,0
"53","BCAS1",8537,"ENSG00000064787","Non-neuronal",0.638,0.222,4.87349387711285,0.769,0.538,0,0
"54","BCL11A",53335,"ENSG00000119866","Neuronal",0.886,0.298,3.38466021764258,0.904,0.808,0,0
"55","BEST1",7439,"ENSG00000167995","Non-neuronal",0.535,0.394,3.01826578890807,0.637,0.274,0,0
"56","BMP7",655,"ENSG00000101144","Non-neuronal",0.386,0.2,2.89760976855958,0.622,0.244,0,0
"57","BMPR1B",658,"ENSG00000138696","Non-neuronal",0.694,0.661,2.39844597337924,0.64,0.28,0,0
"58","BNC2",54796,"ENSG00000173068","Non-neuronal",0.59,0.554,3.85362623488262,0.599,0.198,0,0
"59","C10orf11",83938,"ENSG00000148655","Non-neuronal",0.803,0.806,2.94857176978362,0.649,0.298,0,0
"60","C10orf90",118611,"ENSG00000154493","Non-neuronal",0.626,0.253,4.44856134182678,0.752,0.504,0,0
"61","C11orf87",399947,"ENSG00000185742","Neuronal",0.703,0.035,2.72681172218751,0.838,0.676,0,0
"62","C12orf56",115749,"ENSG00000185306","Non-neuronal",0.531,0.522,2.09527867773082,0.56,0.12,3.55793042129246e-256,1.78896299513006e-251
"63","C3",718,"ENSG00000125730","Non-neuronal",0.377,0.278,4.61146352517268,0.583,0.166,0,0
"64","C4orf22",255119,"ENSG00000197826","Neuronal",0.751,0.434,2.0174330342551,0.706,0.412,0,0
"65","C8orf34",116328,"ENSG00000165084","Neuronal",0.873,0.446,3.47753103015448,0.836,0.672,0,0
"66","CA2",760,"ENSG00000104267","Non-neuronal",0.459,0.187,2.6579996253505,0.661,0.322,0,0
"67","CABP1",9478,"ENSG00000157782","Neuronal",0.907,0.204,2.68276107866697,0.914,0.828,0,0
"68","CACNA1B",774,"ENSG00000148408","Neuronal",0.997,0.41,2.96675050140509,0.973,0.946,0,0
"69","CACNA1E",777,"ENSG00000198216","Neuronal",0.919,0.266,2.23696081034245,0.905,0.81,0,0
"70","CACNA1I",8911,"ENSG00000100346","Neuronal",0.556,0.157,2.03689990278028,0.725,0.45,0,0
"71","CACNG3",10368,"ENSG00000006116","Neuronal",0.919,0.265,3.1822416697782,0.928,0.856,0,0
"72","CACNG8",59283,"ENSG00000142408","Neuronal",0.927,0.266,2.00977239727031,0.912,0.824,0,0
"73","CADPS",8618,"ENSG00000163618","Neuronal",0.999,0.557,2.2637620950957,0.952,0.904,0,0
"74","CALY",50632,"ENSG00000130643","Neuronal",0.904,0.08,2.20762192033274,0.92,0.84,0,0
"75","CAMK1G",57172,"ENSG00000008118","Neuronal",0.419,0.027,2.17326280541515,0.698,0.396,0,0
"76","CAMKV",79012,"ENSG00000164076","Neuronal",0.816,0.036,2.57906948980577,0.894,0.788,0,0
"77","CAP2",10486,"ENSG00000112186","Neuronal",0.981,0.582,2.10097873558259,0.937,0.874,0,0
"78","CAPN3",825,"ENSG00000092529","Non-neuronal",0.47,0.268,3.30656571772955,0.643,0.286,0,0
"79","CARD11",84433,"ENSG00000198286","Non-neuronal",0.478,0.499,2.46287857012064,0.539,0.0780000000000001,1.18182621844035e-231,5.94234040893993e-227
"80","CARNS1",57571,"ENSG00000172508","Non-neuronal",0.428,0.084,4.73412121888346,0.687,0.374,0,0
"81","CBLN2",147381,"ENSG00000141668","Neuronal",0.611,0.101,4.32721905021644,0.776,0.552,0,0
"82","CCDC144NL",339184,"ENSG00000205212","Neuronal",0.415,0.047,2.74441676920142,0.69,0.38,0,0
"83","CCDC64",92558,"ENSG00000135127","Neuronal",0.945,0.573,2.36556302856804,0.901,0.802,0,0
"84","CCDC85A",114800,"ENSG00000055813","Neuronal",0.859,0.205,2.55590110033957,0.886,0.772,0,0
"85","CCK",885,"ENSG00000187094","Neuronal",0.775,0.124,2.28252017842136,0.835,0.67,0,0
"86","CCKBR",887,"ENSG00000110148","Neuronal",0.365,0.028,2.42836291769118,0.672,0.344,0,0
"87","CCSER1",401145,"ENSG00000184305","Neuronal",1,0.87,2.74480370439128,0.978,0.956,0,0
"88","CD22",933,"ENSG00000012124","Non-neuronal",0.401,0.14,4.06967320460382,0.655,0.31,0,0
"89","CD38",952,"ENSG00000004468","Non-neuronal",0.378,0.353,2.92087958064793,0.548,0.0960000000000001,0,0
"90","CD9",928,"ENSG00000010278","Non-neuronal",0.453,0.132,4.81453079778336,0.686,0.372,0,0
"91","CDC14A",8556,"ENSG00000079335","Non-neuronal",0.426,0.232,3.34244388019276,0.632,0.264,0,0
"92","CDH1",999,"ENSG00000039068","Non-neuronal",0.471,0.462,2.75728423068131,0.56,0.12,0,0
"93","CDH12",1010,"ENSG00000154162","Neuronal",0.983,0.904,3.51571228589086,0.852,0.704,0,0
"94","CDH18",1016,"ENSG00000145526","Neuronal",0.986,0.75,2.78798419426354,0.926,0.852,0,0
"95","CDH20",28316,"ENSG00000101542","Non-neuronal",0.834,0.593,2.39692226372519,0.8,0.6,0,0
"96","CDH22",64405,"ENSG00000149654","Neuronal",0.596,0.14,2.34017963216734,0.753,0.506,0,0
"97","CDH23",64072,"ENSG00000107736","Non-neuronal",0.389,0.328,2.6280039764771,0.563,0.126,7.33726842029834e-302,3.68925193441021e-297
"98","CDH7",1005,"ENSG00000081138","Neuronal",0.565,0.236,2.54433087806689,0.7,0.4,0,0
"99","CDH9",1007,"ENSG00000113100","Neuronal",0.89,0.321,5.07372869187304,0.903,0.806,0,0
"100","CDK18",5129,"ENSG00000117266","Non-neuronal",0.489,0.318,2.9979194418992,0.636,0.272,0,0
"101","CECR1",51816,"ENSG00000093072","Non-neuronal",0.34,0.37,2.11023744281277,0.512,0.024,1.01036918371449e-203,5.08023729263484e-199
"102","CECR2",27443,"ENSG00000099954","Non-neuronal",0.835,0.754,3.29320429373989,0.741,0.482,0,0
"103","CELF4",56853,"ENSG00000101489","Neuronal",0.994,0.254,2.83404981718027,0.971,0.942,0,0
"104","CELF5",60680,"ENSG00000161082","Neuronal",0.958,0.406,2.37050107511608,0.936,0.872,0,0
"105","CENPW",387103,"ENSG00000203760","Neuronal",0.49,0.108,2.05720441515096,0.706,0.412,0,0
"106","CERCAM",51148,"ENSG00000167123","Non-neuronal",0.576,0.255,4.74664256211681,0.717,0.434,0,0
"107","CHD5",26038,"ENSG00000116254","Neuronal",0.973,0.133,3.48458253041364,0.974,0.948,0,0
"108","CHD7",55636,"ENSG00000171316","Non-neuronal",0.619,0.217,3.19776500575033,0.749,0.498,0,0
"109","CHRM3",1131,"ENSG00000133019","Neuronal",0.988,0.845,3.90599187088157,0.932,0.864,0,0
"110","CHST11",50515,"ENSG00000171310","Non-neuronal",0.683,0.734,2.0060717107366,0.576,0.152,1.96961245977196e-318,9.90340840897941e-314
"111","CKMT1B",1159,"ENSG00000237289","Neuronal",0.844,0.026,3.97822228276738,0.916,0.832,0,0
"112","CLDN10",9071,"ENSG00000134873","Non-neuronal",0.397,0.366,2.65709412874816,0.554,0.108,0,0
"113","CLDN11",5010,"ENSG00000013297","Non-neuronal",0.553,0.312,4.1639290101097,0.685,0.37,0,0
"114","CLDND1",56650,"ENSG00000080822","Non-neuronal",0.509,0.57,2.46209554301482,0.561,0.122,0,0
"115","CLEC2L",154790,"ENSG00000236279","Neuronal",0.59,0.07,2.45030592447192,0.773,0.546,0,0
"116","CLIC4",25932,"ENSG00000169504","Non-neuronal",0.625,0.466,3.43521413637375,0.674,0.348,0,0
"117","CLMN",79789,"ENSG00000165959","Non-neuronal",0.544,0.288,3.32177435959569,0.681,0.362,0,0
"118","CLSTN2",64084,"ENSG00000158258","Neuronal",0.864,0.398,2.43678120042229,0.839,0.678,0,0
"119","CLSTN3",9746,"ENSG00000288427, ENSG00000139182","Neuronal",0.873,0.087,2.19611622661446,0.91,0.82,0,0
"120","CLVS2",134829,"ENSG00000146352","Neuronal",0.848,0.105,2.25706585375157,0.892,0.784,0,0
"121","CNDP1",84735,"ENSG00000150656","Non-neuronal",0.533,0.236,5.36725461026125,0.7,0.4,0,0
"122","CNKSR2",22866,"ENSG00000149970","Neuronal",0.951,0.357,2.23192151290116,0.912,0.824,0,0
"123","CNKSR3",154043,"ENSG00000153721","Non-neuronal",0.494,0.401,2.54580553357491,0.595,0.19,0,0
"124","CNNM1",26507,"ENSG00000119946","Neuronal",0.846,0.169,2.36520085639389,0.887,0.774,0,0
"125","CNR1",1268,"ENSG00000118432","Neuronal",0.677,0.047,3.83307877207721,0.825,0.65,0,0
"126","CNTN2",6900,"ENSG00000184144","Non-neuronal",0.457,0.412,2.69758473673653,0.588,0.176,0,0
"127","CNTN4",152330,"ENSG00000144619","Neuronal",0.984,0.661,2.48614018128936,0.925,0.85,0,0
"128","CNTN5",53942,"ENSG00000149972","Neuronal",0.992,0.875,3.06506033214137,0.883,0.766,0,0
"129","CNTNAP2",26047,"ENSG00000278728, ENSG00000174469","Neuronal",1,0.954,2.06217672342543,0.941,0.882,0,0
"130","COL12A1",1303,"ENSG00000111799","Neuronal",0.484,0.113,2.11926925633322,0.7,0.4,0,0
"131","COL19A1",1310,"ENSG00000082293","Neuronal",0.717,0.299,2.08491984338887,0.764,0.528,0,0
"132","COL24A1",255631,"ENSG00000171502","Neuronal",0.863,0.541,3.04738185185826,0.768,0.536,0,0
"133","COL4A5",1287,"ENSG00000188153","Non-neuronal",0.635,0.393,5.22186672237834,0.725,0.45,0,0
"134","COL5A2",1290,"ENSG00000204262","Neuronal",0.457,0.181,2.27231986530273,0.653,0.306,0,0
"135","COL5A3",50509,"ENSG00000080573","Non-neuronal",0.47,0.495,2.96636227463126,0.544,0.0880000000000001,0,0
"136","COL9A2",1298,"ENSG00000049089","Non-neuronal",0.493,0.048,4.84601351048781,0.733,0.466,0,0
"137","COLEC12",81035,"ENSG00000158270","Non-neuronal",0.372,0.31,3.15065536214717,0.565,0.13,0,0
"138","CORO6",84940,"ENSG00000167549","Neuronal",0.941,0.031,2.92404297350095,0.959,0.918,0,0
"139","CPM",1368,"ENSG00000135678","Non-neuronal",0.532,0.337,3.92626377124462,0.663,0.326,0,0
"140","CPNE2",221184,"ENSG00000140848","Non-neuronal",0.374,0.246,2.04116612946883,0.587,0.174,4.63178323401803e-291,2.32890692789661e-286
"141","CPNE4",131034,"ENSG00000196353","Neuronal",0.849,0.473,2.6779049635581,0.808,0.616,0,0
"142","CPNE7",27132,"ENSG00000178773","Neuronal",0.45,0.057,2.11920709631026,0.703,0.406,0,0
"143","CPNE9",151835,"ENSG00000144550","Neuronal",0.648,0.159,2.37073503686721,0.777,0.554,0,0
"144","CPQ",10404,"ENSG00000104324","Non-neuronal",0.596,0.497,2.09123227722545,0.622,0.244,0,0
"145","CREB3L2",64764,"ENSG00000182158","Non-neuronal",0.434,0.354,2.17498137468322,0.574,0.148,1.94998156517452e-253,9.80470230785403e-249
"146","CREB5",9586,"ENSG00000146592","Non-neuronal",0.801,0.722,2.51096042514401,0.687,0.374,0,0
"147","CRYAB",1410,"ENSG00000109846","Non-neuronal",0.491,0.246,3.32642768454253,0.664,0.328,0,0
"148","CSF1R",1436,"ENSG00000182578","Non-neuronal",0.38,0.238,4.0305044806115,0.594,0.188,0,0
"149","CSRP1",1465,"ENSG00000159176","Non-neuronal",0.43,0.117,3.60558790867683,0.674,0.348,0,0
"150","CST3",1471,"ENSG00000101439","Non-neuronal",0.499,0.256,3.2386802299113,0.669,0.338,0,0
"151","CTNNA3",29119,"ENSG00000183230","Non-neuronal",0.952,0.98,2.75090645424325,0.589,0.178,0,0
"152","CTNNAL1",8727,"ENSG00000119326","Neuronal",0.791,0.118,2.28648053542077,0.859,0.718,0,0
"153","CUEDC1",404093,"ENSG00000180891","Non-neuronal",0.616,0.452,2.68586584799117,0.662,0.324,0,0
"154","CUX2",23316,"ENSG00000111249","Neuronal",0.679,0.483,2.27541650267042,0.644,0.288,0,0
"155","CYP27A1",1593,"ENSG00000135929","Non-neuronal",0.413,0.202,3.00260907866861,0.632,0.264,0,0
"156","CYP4X1",260293,"ENSG00000186377","Neuronal",0.819,0.162,2.74558791256272,0.876,0.752,0,0
"157","DAAM2",23500,"ENSG00000146122","Non-neuronal",0.597,0.164,4.26790931385889,0.756,0.512,0,0
"158","DCLK1",9201,"ENSG00000133083","Neuronal",0.996,0.414,2.67436061924781,0.97,0.94,0,0
"159","DDR1",780,"ENSG00000229767, ENSG00000223680, ENSG00000234078, ENSG00000137332, ENSG00000215522, ENSG00000230456, ENSG00000204580","Non-neuronal",0.395,0.15,2.32695482564027,0.639,0.278,0,0
"160","DFNB31",25861,"ENSG00000095397","Non-neuronal",0.44,0.261,2.18088952096573,0.614,0.228,0,0
"161","DGCR5",26220,"ENSG00000273032","Neuronal",0.905,0.236,2.67740610270879,0.916,0.832,0,0
"162","DGKB",1607,"ENSG00000136267","Neuronal",0.977,0.645,2.25430888297567,0.901,0.802,0,0
"163","DLGAP1",9229,"ENSG00000170579","Neuronal",1,0.892,2.07512688876778,0.955,0.91,0,0
"164","DLGAP1.AS4",NA,"NA","Neuronal",0.658,0.015,2.63323515349679,0.823,0.646,0,0
"165","DLGAP2",9228,"ENSG00000282152, ENSG00000282103, ENSG00000274161, ENSG00000282318, ENSG00000198010","Neuronal",0.983,0.486,4.0318646357616,0.971,0.942,0,0
"166","DLGAP3",58512,"ENSG00000116544","Neuronal",0.748,0.1,2.80028762566998,0.851,0.702,0,0
"167","DNAH11",8701,"ENSG00000105877","Non-neuronal",0.561,0.422,2.16436334622256,0.631,0.262,3.62329287202956e-311,1.82182788898518e-306
"168","DNAH14",127602,"ENSG00000185842","Neuronal",0.897,0.579,2.13421866821093,0.792,0.584,0,0
"169","DNAH6",1768,"ENSG00000115423","Neuronal",0.861,0.402,2.16242592050304,0.837,0.674,0,0
"170","DOCK1",1793,"ENSG00000150760","Non-neuronal",0.843,0.514,4.36859775430045,0.849,0.698,0,0
"171","DOCK10",55619,"ENSG00000135905","Non-neuronal",0.824,0.594,2.03960525686872,0.772,0.544,0,0
"172","DOCK2",1794,"ENSG00000134516","Non-neuronal",0.486,0.443,3.3162155854811,0.57,0.14,0,0
"173","DOCK5",80005,"ENSG00000147459","Non-neuronal",0.783,0.491,4.97296169357094,0.805,0.61,0,0
"174","DOCK8",81704,"ENSG00000107099","Non-neuronal",0.441,0.378,4.91586960219429,0.581,0.162,0,0
"175","DPY19L2P1",554236,"NA","Neuronal",0.968,0.361,3.28310723380224,0.953,0.906,0,0
"176","DRP2",1821,"ENSG00000102385","Neuronal",0.687,0.082,2.16329304949105,0.816,0.632,0,0
"177","EBF1",1879,"ENSG00000164330","Non-neuronal",0.446,0.349,3.07668818167068,0.585,0.17,5.70369903581996e-180,2.86787691220064e-175
"178","EFHD1",80303,"ENSG00000115468","Non-neuronal",0.536,0.362,3.30221673085856,0.649,0.298,0,0
"179","EFNB3",1949,"ENSG00000108947","Neuronal",0.468,0.012,2.35708129486417,0.728,0.456,0,0
"180","EIF4E1B",253314,"ENSG00000175766","Neuronal",0.382,0.056,2.76079652573092,0.671,0.342,0,0
"181","ELAVL2",1993,"ENSG00000107105","Neuronal",0.817,0.124,3.26159592684501,0.884,0.768,0,0
"182","ELF1",1997,"ENSG00000120690","Non-neuronal",0.537,0.437,2.63565778034759,0.615,0.23,0,0
"183","ELN",2006,"ENSG00000049540","Non-neuronal",0.454,0.371,2.18259276698169,0.585,0.17,0,0
"184","EMC10",284361,"ENSG00000161671","Non-neuronal",0.478,0.466,2.22592571533804,0.551,0.102,0,0
"185","EMID1",129080,"ENSG00000186998","Non-neuronal",0.412,0.322,2.10796488365814,0.581,0.162,0,0
"186","ENOSF1",55556,"ENSG00000132199","Non-neuronal",0.494,0.254,2.65809718533153,0.657,0.314,0,0
"187","ENPP2",5168,"ENSG00000136960","Non-neuronal",0.584,0.327,4.24481134011255,0.697,0.394,0,0
"188","ENTPD3",956,"ENSG00000168032","Neuronal",0.436,0.052,2.36436245861913,0.697,0.394,0,0
"189","EPB41L4B",54566,"ENSG00000095203","Neuronal",0.872,0.292,2.45827898873597,0.885,0.77,0,0
"190","EPHA10",284656,"ENSG00000183317","Neuronal",0.641,0.154,2.29356442948623,0.774,0.548,0,0
"191","EPHA5",2044,"ENSG00000145242","Neuronal",0.987,0.899,2.5751889801064,0.88,0.76,0,0
"192","EPHA7",2045,"ENSG00000135333","Neuronal",0.791,0.126,3.27461786138433,0.87,0.74,0,0
"193","EPHB6",2051,"ENSG00000275482, ENSG00000106123","Neuronal",0.802,0.045,2.71453384516417,0.885,0.77,0,0
"194","EPHX4",253152,"ENSG00000172031","Neuronal",0.613,0.106,2.25008136597076,0.774,0.548,0,0
"195","EPN2",22905,"ENSG00000072134","Non-neuronal",0.761,0.796,2.03321833084591,0.649,0.298,0,0
"196","ERBB3",2065,"ENSG00000065361","Non-neuronal",0.441,0.176,4.03778572316737,0.663,0.326,0,0
"197","ERC2",26059,"ENSG00000187672","Neuronal",0.997,0.696,2.27761991962989,0.947,0.894,0,0
"198","ERICH1.AS1",NA,"NA","Neuronal",0.911,0.255,4.1116318243908,0.93,0.86,0,0
"199","ERICH3",127254,"ENSG00000178965","Neuronal",0.68,0.045,2.57504294132614,0.824,0.648,0,0
"200","EYA2",2139,"ENSG00000064655","Non-neuronal",0.615,0.564,3.5108583027187,0.63,0.26,0,0
"201","FA2H",79152,"ENSG00000103089","Non-neuronal",0.552,0.205,4.96495582495458,0.722,0.444,0,0
"202","FAM107B",83641,"ENSG00000065809","Non-neuronal",0.698,0.536,3.74823643292885,0.705,0.41,0,0
"203","FAM124A",220108,"ENSG00000150510","Non-neuronal",0.383,0.325,2.15611779464159,0.563,0.126,4.94065645841247e-324,2.48421147385437e-319
"204","FAM153A",285596,"ENSG00000170074","Neuronal",0.865,0.105,2.12578762603183,0.906,0.812,0,0
"205","FAM153B",202134,"ENSG00000182230","Neuronal",0.87,0.066,3.10620275757772,0.921,0.842,0,0
"206","FAM153C",653316,"ENSG00000204677","Neuronal",0.904,0.103,3.12116527783606,0.937,0.874,0,0
"207","FAM81A",145773,"ENSG00000157470","Neuronal",0.883,0.374,2.26173036291967,0.873,0.746,0,0
"208","FAXDC2",10826,"ENSG00000170271","Non-neuronal",0.538,0.364,2.80405357534774,0.647,0.294,0,0
"209","FBLN1",2192,"ENSG00000077942","Non-neuronal",0.353,0.308,2.63198268138449,0.554,0.108,0,0
"210","FBXL7",23194,"ENSG00000183580","Non-neuronal",0.845,0.588,2.13816691245781,0.81,0.62,0,0
"211","FCGR2A",2212,"ENSG00000143226","Non-neuronal",0.748,0.77,2.01805947040405,0.594,0.188,0,0
"212","FGD4",121512,"ENSG00000139132","Non-neuronal",0.802,0.84,2.04504734862512,0.598,0.196,0,0
"213","FGF13",2258,"ENSG00000129682","Neuronal",0.873,0.492,2.50337191294634,0.797,0.594,0,0
"214","FGFR2",2263,"ENSG00000066468","Non-neuronal",0.689,0.402,3.06314127989147,0.741,0.482,0,0
"215","FIRRE",286467,"ENSG00000213468","Non-neuronal",0.365,0.309,3.1143776973714,0.564,0.128,0,0
"216","FKBP5",2289,"ENSG00000096060","Non-neuronal",0.486,0.487,2.2024280707836,0.547,0.0940000000000001,4.92266234815623e-231,2.47516385527644e-226
"217","FLJ41278",400046,"NA","Neuronal",0.773,0.237,2.27415968351367,0.828,0.656,0,0
"218","FLT1",2321,"ENSG00000102755","Non-neuronal",0.529,0.526,2.41957987919068,0.546,0.0920000000000001,1.23628452030525e-40,6.21616219654684e-36
"219","FOLH1",2346,"ENSG00000086205","Non-neuronal",0.391,0.119,4.68588815361948,0.655,0.31,0,0
"220","FOXO1",2308,"ENSG00000150907","Non-neuronal",0.571,0.341,2.81564800711098,0.68,0.36,0,0
"221","FRAS1",80144,"ENSG00000138759","Neuronal",0.915,0.537,2.9746434377507,0.854,0.708,0,0
"222","FRMD4B",23150,"ENSG00000114541","Non-neuronal",0.831,0.695,3.2520921991688,0.76,0.52,0,0
"223","FRMPD4",9758,"ENSG00000169933","Neuronal",0.998,0.562,3.77064034988618,0.989,0.978,0,0
"224","FRRS1L",23732,"ENSG00000260230","Neuronal",0.919,0.168,2.17064841111495,0.92,0.84,0,0
"225","FSTL4",23105,"ENSG00000053108","Neuronal",0.866,0.375,3.09976166005265,0.861,0.722,0,0
"226","FSTL5",56884,"ENSG00000168843","Neuronal",0.882,0.589,2.1712626575945,0.767,0.534,0,0
"227","GABBR2",9568,"ENSG00000136928","Neuronal",0.998,0.539,3.16146616805643,0.981,0.962,0,0
"228","GABRA1",2554,"ENSG00000022355","Neuronal",0.956,0.102,2.72537385955886,0.954,0.908,0,0
"229","GABRA4",2557,"ENSG00000109158","Neuronal",0.91,0.064,3.31296646909973,0.941,0.882,0,0
"230","GABRA5",2558,"ENSG00000186297","Neuronal",0.669,0.067,2.66796546956731,0.815,0.63,0,0
"231","GABRB2",2561,"ENSG00000145864","Neuronal",0.992,0.243,3.46951838085617,0.98,0.96,0,0
"232","GABRB3",2562,"ENSG00000166206","Neuronal",0.992,0.384,2.52112895790715,0.958,0.916,0,0
"233","GABRG2",2566,"ENSG00000113327","Neuronal",0.966,0.105,2.82023842479035,0.965,0.93,0,0
"234","GABRG3",2567,"ENSG00000182256","Neuronal",0.984,0.415,4.05366220111872,0.975,0.95,0,0
"235","GAD2",2572,"ENSG00000136750","Neuronal",0.422,0.174,3.2180739764759,0.639,0.278,0,0
"236","GALNT10",55568,"ENSG00000164574","Non-neuronal",0.512,0.422,2.10709023459739,0.592,0.184,9.97157554337596e-302,5.01380789896487e-297
"237","GALNT14",79623,"ENSG00000158089","Neuronal",0.66,0.258,3.03185164489159,0.757,0.514,0,0
"238","GALNT9",50614,"ENSG00000288490, ENSG00000182870","Neuronal",0.633,0.097,2.03745836008147,0.784,0.568,0,0
"239","GALNTL6",442117,"ENSG00000174473","Neuronal",0.962,0.665,3.28098526160902,0.884,0.768,0,0
"240","GAP43",2596,"ENSG00000172020","Neuronal",0.872,0.163,2.0893880051143,0.888,0.776,0,0
"241","GATM",2628,"ENSG00000171766","Non-neuronal",0.53,0.322,2.63563180946712,0.651,0.302,0,0
"242","GDA",9615,"ENSG00000119125","Neuronal",0.847,0.448,2.28171757467715,0.825,0.65,0,0
"243","GFRA2",2675,"ENSG00000168546","Neuronal",0.55,0.195,2.12750035775897,0.711,0.422,0,0
"244","GLDN",342035,"ENSG00000186417","Non-neuronal",0.467,0.335,2.7813086186438,0.615,0.23,0,0
"245","GLI3",2737,"ENSG00000106571","Non-neuronal",0.528,0.367,3.68961290026393,0.641,0.282,0,0
"246","GLIS1",148979,"ENSG00000174332","Neuronal",0.538,0.097,2.43170852434672,0.736,0.472,0,0
"247","GLRA3",8001,"ENSG00000145451","Neuronal",0.639,0.217,2.89858703996718,0.752,0.504,0,0
"248","GLTP",51228,"ENSG00000139433","Non-neuronal",0.382,0.366,2.0074133474594,0.538,0.0760000000000001,5.17256781718931e-259,2.60081882416096e-254
"249","GLUL",2752,"ENSG00000135821","Non-neuronal",0.623,0.193,3.61874769961439,0.758,0.516,0,0
"250","GNG7",2788,"ENSG00000176533","Non-neuronal",0.919,0.907,2.15623054528147,0.702,0.404,0,0
"251","GPR22",2845,"ENSG00000283812, ENSG00000172209","Neuronal",0.708,0.054,2.41704978731005,0.831,0.662,0,0
"252","GPR63",81491,"ENSG00000112218","Neuronal",0.535,0.058,2.46521609078651,0.746,0.492,0,0
"253","GPRC5B",51704,"ENSG00000167191","Non-neuronal",0.653,0.198,3.66796397862071,0.776,0.552,0,0
"254","GRAMD3",65983,"ENSG00000155324","Non-neuronal",0.498,0.213,3.23571472919135,0.68,0.36,0,0
"255","GRIA1",2890,"ENSG00000155511","Neuronal",0.993,0.382,2.67948134362871,0.961,0.922,0,0
"256","GRIN1",2902,"ENSG00000176884","Neuronal",0.899,0.118,2.48971217239467,0.926,0.852,0,0
"257","GRIN2A",2903,"ENSG00000183454","Neuronal",0.98,0.536,2.69821565904252,0.945,0.89,0,0
"258","GRIN2B",2904,"ENSG00000273079","Neuronal",0.998,0.371,2.7947951303715,0.973,0.946,0,0
"259","GRIN3A",116443,"ENSG00000198785","Neuronal",0.552,0.225,3.21463007639641,0.696,0.392,0,0
"260","GRIP1",23426,"ENSG00000155974","Neuronal",0.978,0.592,2.84417660833148,0.906,0.812,0,0
"261","GRIP2",80852,"ENSG00000144596","Neuronal",0.386,0.105,2.8235323534317,0.651,0.302,0,0
"262","GRM1",2911,"ENSG00000152822","Neuronal",0.858,0.336,2.96767732467156,0.862,0.724,0,0
"263","GSN",2934,"ENSG00000148180","Non-neuronal",0.755,0.413,3.2776375623372,0.776,0.552,0,0
"264","GULP1",51454,"ENSG00000144366","Neuronal",0.613,0.179,2.48301805075395,0.747,0.494,0,0
"265","GYPB",2994,"ENSG00000250361","Neuronal",0.5,0.045,2.0613370771679,0.731,0.462,0,0
"266","HAPLN2",60484,"ENSG00000132702","Non-neuronal",0.352,0.185,3.35264645500348,0.607,0.214,0,0
"267","HCN1",348980,"ENSG00000164588","Neuronal",0.995,0.53,4.12373658545371,0.985,0.97,0,0
"268","HEPACAM",220296,"ENSG00000165478","Non-neuronal",0.417,0.054,3.61540677863906,0.689,0.378,0,0
"269","HEPH",9843,"ENSG00000089472","Non-neuronal",0.413,0.466,3.1963766791769,0.528,0.056,0,0
"270","HHATL",57467,"ENSG00000010282","Non-neuronal",0.412,0.24,2.59757501930396,0.617,0.234,0,0
"271","HIF3A",64344,"ENSG00000124440","Non-neuronal",0.454,0.333,3.23361576513495,0.614,0.228,0,0
"272","HIP1",3092,"ENSG00000127946","Non-neuronal",0.945,0.928,2.6559638150974,0.751,0.502,0,0
"273","HIP1R",9026,"ENSG00000130787","Non-neuronal",0.693,0.592,2.22367006663154,0.7,0.4,0,0
"274","HIPK2",28996,"ENSG00000064393","Non-neuronal",0.756,0.58,2.42679143009155,0.718,0.436,0,0
"275","HOMER1",9456,"ENSG00000152413","Neuronal",0.943,0.388,2.11245460051742,0.903,0.806,0,0
"276","HOOK1",51361,"ENSG00000134709","Neuronal",0.739,0.075,2.41866427588756,0.846,0.692,0,0
"277","HPSE2",60495,"ENSG00000172987","Non-neuronal",0.775,0.874,2.23744120086265,0.531,0.0620000000000001,9.88131291682493e-324,4.96842294770874e-319
"278","HS3ST2",9956,"ENSG00000122254","Neuronal",0.557,0.164,2.82897805210212,0.723,0.446,0,0
"279","HTR1E",3354,"ENSG00000168830","Neuronal",0.791,0.089,4.6905105636978,0.882,0.764,0,0
"280","HTR1F",3355,"ENSG00000179097","Neuronal",0.796,0.321,2.75326183543247,0.819,0.638,0,0
"281","HTR2A",3356,"ENSG00000102468","Neuronal",0.641,0.108,2.20147852115943,0.788,0.576,0,0
"282","HTR2C",3358,"ENSG00000147246","Neuronal",0.531,0.33,2.34544359703408,0.589,0.178,2.95029766078715e-150,1.48343916682039e-145
"283","HTR4",3360,"ENSG00000164270","Neuronal",0.657,0.381,2.21946194801291,0.687,0.374,0,0
"284","HTRA1",5654,"ENSG00000166033","Non-neuronal",0.656,0.226,2.52948981310899,0.755,0.51,0,0
"285","IGFBP7",3490,"ENSG00000163453","Non-neuronal",0.368,0.263,3.34593620516643,0.583,0.166,0,0
"286","IL1RAPL2",26280,"ENSG00000189108","Neuronal",0.948,0.764,3.82383956973137,0.743,0.486,0,0
"287","IL6R",3570,"ENSG00000160712","Non-neuronal",0.384,0.402,2.16876665588198,0.52,0.04,3.11144703431962e-155,1.56446668332625e-150
"288","INPP5D",3635,"ENSG00000281614, ENSG00000168918","Non-neuronal",0.444,0.38,3.73303513680993,0.57,0.14,0,0
"289","IQCJ.SCHIP1",NA,"NA","Neuronal",0.388,0.015,2.85870124167542,0.688,0.376,0,0
"290","IQSEC3",440073,"ENSG00000262607, ENSG00000120645","Neuronal",0.755,0.053,2.56251169658798,0.862,0.724,0,0
"291","ITGAM",3684,"ENSG00000169896","Non-neuronal",0.379,0.39,3.3251673661218,0.534,0.0680000000000001,0,0
"292","ITGB5",3693,"ENSG00000082781","Non-neuronal",0.361,0.25,2.33052483897778,0.58,0.16,0,0
"293","ITIH5",80760,"ENSG00000123243","Non-neuronal",0.525,0.529,2.61563489205461,0.553,0.106,3.4336370993862e-205,1.72646706994238e-200
"294","ITPKB",3707,"ENSG00000143772","Non-neuronal",0.488,0.183,3.31096283337854,0.684,0.368,0,0
"295","ITPR2",3709,"ENSG00000123104","Non-neuronal",0.767,0.709,2.35441999741118,0.685,0.37,0,0
"296","JPH1",56704,"ENSG00000104369","Neuronal",0.742,0.148,2.63199375345533,0.833,0.666,0,0
"297","KALRN",8997,"ENSG00000160145","Neuronal",0.998,0.695,2.29192078995245,0.954,0.908,0,0
"298","KANK1",23189,"ENSG00000107104","Non-neuronal",0.863,0.656,3.45629166118582,0.814,0.628,0,0
"299","KAT2B",8850,"ENSG00000114166","Non-neuronal",0.75,0.572,2.40485988725607,0.722,0.444,0,0
"300","KCNA3",3738,"ENSG00000177272","Neuronal",0.516,0.034,2.48338958794483,0.745,0.49,0,0
"301","KCNB2",9312,"ENSG00000182674","Neuronal",0.949,0.341,3.72936585745775,0.943,0.886,0,0
"302","KCNC2",3747,"ENSG00000166006","Neuronal",0.968,0.245,4.11830562235445,0.968,0.936,0,0
"303","KCNH1",3756,"ENSG00000143473","Neuronal",0.99,0.885,2.48609970065546,0.902,0.804,0,0
"304","KCNH3",23416,"ENSG00000135519","Neuronal",0.723,0.045,2.38028875450115,0.845,0.69,0,0
"305","KCNH7",90134,"ENSG00000184611","Neuronal",0.921,0.269,4.2454599284864,0.931,0.862,0,0
"306","KCNH8",131096,"ENSG00000183960","Non-neuronal",0.704,0.559,3.91508353438959,0.718,0.436,0,0
"307","KCNIP4",80333,"ENSG00000281758, ENSG00000185774","Neuronal",0.996,0.79,2.18989684962337,0.91,0.82,0,0
"308","KCNIP4.IT1",NA,"NA","Neuronal",0.716,0.069,2.21850786867584,0.828,0.656,0,0
"309","KCNJ10",3766,"ENSG00000177807","Non-neuronal",0.441,0.036,4.59544067549484,0.709,0.418,0,0
"310","KCNJ3",3760,"ENSG00000162989","Neuronal",0.983,0.224,3.0792179516625,0.97,0.94,0,0
"311","KCNJ6",3763,"ENSG00000157542","Neuronal",0.92,0.261,2.08503802880177,0.908,0.816,0,0
"312","KCNQ5",56479,"ENSG00000185760","Neuronal",0.981,0.489,4.72147080156102,0.967,0.934,0,0
"313","KCNT1",57582,"ENSG00000107147","Neuronal",0.806,0.052,2.86389823205668,0.892,0.784,0,0
"314","KCNV1",27012,"ENSG00000164794","Neuronal",0.481,0.031,2.21162486632935,0.728,0.456,0,0
"315","KCTD16",57528,"ENSG00000183775","Neuronal",0.972,0.456,2.01421509544942,0.902,0.804,0,0
"316","KHDRBS2",202559,"ENSG00000112232","Neuronal",0.992,0.571,2.92160604419938,0.96,0.92,0,0
"317","KIAA1211L",343990,"ENSG00000196872","Neuronal",0.78,0.205,2.21904879901432,0.841,0.682,0,0
"318","KIAA1217",56243,"ENSG00000120549","Neuronal",0.974,0.845,2.0957942098344,0.78,0.56,0,0
"319","KIAA1549L",25758,"ENSG00000110427","Neuronal",0.992,0.492,2.53049728147184,0.956,0.912,0,0
"320","KIAA1755",85449,"ENSG00000149633","Non-neuronal",0.497,0.09,4.59049159344325,0.723,0.446,0,0
"321","KIF13B",23303,"ENSG00000197892","Non-neuronal",0.693,0.647,2.0045867546979,0.605,0.21,1.73803931523993e-289,8.73903548095787e-285
"322","KIF6",221458,"ENSG00000164627","Non-neuronal",0.608,0.61,2.3036213999478,0.58,0.16,0,0
"323","KLHL29",114818,"ENSG00000119771","Neuronal",0.857,0.214,2.40119733260001,0.887,0.774,0,0
"324","KMO",8564,"ENSG00000117009","Neuronal",0.355,0.082,2.17140615206357,0.644,0.288,0,0
"325","KRT222",125113,"ENSG00000213424","Neuronal",0.609,0.04,2.42288046046698,0.791,0.582,0,0
"326","KSR2",283455,"ENSG00000171435","Neuronal",0.997,0.846,2.18883217968383,0.943,0.886,0,0
"327","L1CAM",3897,"ENSG00000198910","Neuronal",0.633,0.041,2.17548486572989,0.802,0.604,0,0
"328","LAMA1",284217,"ENSG00000101680","Non-neuronal",0.531,0.468,3.15319427395867,0.599,0.198,0,0
"329","LATS2",26524,"ENSG00000150457","Non-neuronal",0.369,0.337,2.11205962837356,0.547,0.0940000000000001,9.99978814530054e-235,5.02799347733857e-230
"330","LDB2",9079,"ENSG00000169744","Neuronal",0.918,0.398,2.72648864907028,0.895,0.79,0,0
"331","LDB3",11155,"ENSG00000122367","Non-neuronal",0.464,0.311,3.1814911970241,0.622,0.244,0,0
"332","LHFPL2",10184,"ENSG00000145685","Non-neuronal",0.431,0.5,2.00567186387638,0.497,0.00600000000000001,4.91252081129064e-151,2.47006458912505e-146
"333","LHFPL3",375612,"ENSG00000187416","Non-neuronal",0.663,0.776,2.54493300485369,0.502,0.004,2.65314971268556e-176,1.33403020703543e-171
"334","LIFR",3977,"ENSG00000113594","Non-neuronal",0.627,0.506,2.02062314893636,0.653,0.306,0,0
"335","LIN7A",8825,"ENSG00000111052","Neuronal",0.804,0.186,2.12895001844821,0.852,0.704,0,0
"336","LINC00333",100874128,"NA","Neuronal",0.418,0.215,2.00681563288344,0.609,0.218,9.01951671283381e-230,4.53510319837997e-225
"337","LINC00470",56651,"NA","Neuronal",0.37,0.11,2.57804642708915,0.639,0.278,0,0
"338","LINC00599",157627,"ENSG00000284859, ENSG00000253230","Neuronal",0.986,0.08,2.91743564287084,0.972,0.944,0,0
"339","LINC00609",101101773,"ENSG00000257585","Non-neuronal",0.496,0.251,3.70280397515176,0.667,0.334,0,0
"340","LINC00639",283547,"ENSG00000259070","Non-neuronal",0.437,0.246,4.43331679866496,0.639,0.278,0,0
"341","LINC00673",100499467,"ENSG00000227036","Non-neuronal",0.632,0.645,2.31193974955421,0.586,0.172,0,0
"342","LINC00710",254312,"NA","Neuronal",0.56,0.037,2.67461044818221,0.767,0.534,0,0
"343","LINC00970",101978719,"ENSG00000203601","Neuronal",0.654,0.189,2.12388845739253,0.767,0.534,0,0
"344","LINC01170",103724389,"NA","Non-neuronal",0.584,0.515,3.49654762175703,0.63,0.26,0,0
"345","LINC01197",400456,"ENSG00000248441","Neuronal",0.45,0.066,2.30225893567636,0.702,0.404,0,0
"346","LINC01202",104326188,"NA","Neuronal",0.535,0.165,3.23680460891864,0.71,0.42,0,0
"347","LINC01250",101927554,"ENSG00000234423","Neuronal",0.872,0.217,4.02991804517815,0.906,0.812,0,0
"348","LINC01378",103689918,"NA","Neuronal",0.696,0.268,4.21037635354457,0.76,0.52,0,0
"349","LINC01411",101928176,"NA","Non-neuronal",0.43,0.358,2.92203686478023,0.583,0.166,0,0
"350","LINC01470",101927134,"ENSG00000249484","Non-neuronal",0.701,0.769,2.68007761077205,0.565,0.13,0,0
"351","LINCR.0002",NA,"NA","Neuronal",0.593,0.147,3.68363901109815,0.751,0.502,0,0
"352","LINCR.0003",NA,"NA","Neuronal",0.432,0.088,2.69456711101652,0.683,0.366,0,0
"353","LINGO2",158038,"ENSG00000174482","Neuronal",0.987,0.658,4.95754795563543,0.953,0.906,0,0
"354","LITAF",9516,"ENSG00000189067","Non-neuronal",0.497,0.45,3.03450912127355,0.586,0.172,0,0
"355","LOC100132813",100132813,"NA","Neuronal",0.441,0.012,2.67922484538048,0.716,0.432,0,0
"356","LOC100132891",100132891,"ENSG00000235531","Neuronal",0.587,0.182,3.03769368721429,0.728,0.456,0,0
"357","LOC100287225",100287225,"ENSG00000227115","Non-neuronal",0.379,0.284,2.2888420960347,0.575,0.15,2.37293582494408e-282,1.19313586214013e-277
"358","LOC100420794",100420794,"NA","Neuronal",0.553,0.007,2.73277325866598,0.775,0.55,0,0
"359","LOC100505797",100505797,"ENSG00000263958","Neuronal",0.727,0.054,2.03959999090915,0.839,0.678,0,0
"360","LOC100506076",100506076,"NA","Neuronal",0.852,0.186,2.02746741461137,0.874,0.748,0,0
"361","LOC100506393",100506393,"NA","Neuronal",0.669,0.126,3.28923020375864,0.802,0.604,0,0
"362","LOC100507336",100507336,"ENSG00000228793","Non-neuronal",0.39,0.222,4.38226894224153,0.616,0.232,0,0
"363","LOC100507387",100507387,"NA","Neuronal",0.699,0.02,3.07091207803102,0.843,0.686,0,0
"364","LOC101926964",101926964,"ENSG00000231252","Non-neuronal",0.436,0.351,2.86152605249034,0.586,0.172,0,0
"365","LOC101927043",101927043,"ENSG00000234690","Non-neuronal",0.59,0.763,2.10311745052406,0.471,0.0580000000000001,0,0
"366","LOC101927286",101927286,"ENSG00000259664","Neuronal",0.591,0.227,2.31313025552204,0.705,0.41,0,0
"367","LOC101927406",101927406,"NA","Neuronal",0.383,0.089,2.81249881793157,0.656,0.312,0,0
"368","LOC101927437",101927437,"NA","Non-neuronal",0.37,0.2,4.01836894619698,0.614,0.228,0,0
"369","LOC101927459",101927459,"ENSG00000253877","Non-neuronal",0.448,0.203,5.00162907213807,0.659,0.318,0,0
"370","LOC101927587",101927587,"ENSG00000233008","Neuronal",0.624,0.26,2.18684091565688,0.721,0.442,0,0
"371","LOC101927745",101927745,"ENSG00000229425","Neuronal",0.359,0.104,2.90599016026942,0.638,0.276,0,0
"372","LOC101927768",101927768,"ENSG00000228624","Non-neuronal",0.396,0.384,2.13194616928552,0.535,0.0700000000000001,1.7416604459579e-188,8.75724288832093e-184
"373","LOC101927874",101927874,"NA","Neuronal",0.479,0.229,2.21437812001814,0.645,0.29,0,0
"374","LOC101927880",101927880,"ENSG00000233321","Neuronal",0.53,0.095,2.74900314283898,0.734,0.468,0,0
"375","LOC101927885",101927885,"NA","Neuronal",0.795,0.039,2.73098438013682,0.882,0.764,0,0
"376","LOC101927967",101927967,"NA","Non-neuronal",0.631,0.585,4.38865738652458,0.628,0.256,0,0
"377","LOC101928114",101928114,"ENSG00000226320","Neuronal",0.604,0.245,2.15595357888622,0.707,0.414,0,0
"378","LOC101928322",101928322,"NA","Neuronal",0.394,0.065,2.59593962719199,0.673,0.346,0,0
"379","LOC101928387",101928387,"NA","Neuronal",0.926,0.352,2.49241508735264,0.906,0.812,0,0
"380","LOC101928522",101928522,"NA","Neuronal",0.388,0.067,2.09538218973357,0.667,0.334,0,0
"381","LOC101928767",101928767,"NA","Non-neuronal",0.436,0.513,2.43882457910171,0.513,0.026,0,0
"382","LOC101929201",101929201,"NA","Neuronal",0.478,0.129,2.11126597653315,0.692,0.384,0,0
"383","LOC101929249",101929249,"NA","Non-neuronal",0.434,0.009,4.9238651943704,0.714,0.428,0,0
"384","LOC101929544",101929544,"ENSG00000248455","Neuronal",0.584,0.074,3.23297965402196,0.771,0.542,0,0
"385","LOC101929617",101929617,"NA","Neuronal",0.431,0.008,2.71685435264029,0.712,0.424,0,0
"386","LOC101929727",101929727,"NA","Neuronal",0.364,0.056,2.02458427896649,0.659,0.318,0,0
"387","LOC102546299",102546299,"ENSG00000241956","Neuronal",0.45,0.198,2.75401250812524,0.641,0.282,0,0
"388","LOC102723503",102723503,"NA","Non-neuronal",0.413,0.365,2.02989963064498,0.559,0.118,7.12377101294239e-228,3.58190330301756e-223
"389","LOC102723658",102723658,"NA","Neuronal",0.408,0.049,2.69221192032132,0.685,0.37,0,0
"390","LOC102724687",102724687,"NA","Non-neuronal",0.413,0.434,2.21934688784929,0.53,0.0600000000000001,1.15433682762026e-291,5.80412100295743e-287
"391","LOC105369172",105369172,"NA","Neuronal",0.474,0.013,2.72226739155526,0.732,0.464,0,0
"392","LOC105369345",105369345,"NA","Non-neuronal",0.808,0.361,2.85525263354637,0.831,0.662,0,0
"393","LOC105369388",105369388,"NA","Neuronal",0.357,0.032,2.01002882930613,0.666,0.332,0,0
"394","LOC105369762",105369762,"NA","Neuronal",0.456,0.125,2.00798470498333,0.682,0.364,0,0
"395","LOC105369862",105369862,"NA","Neuronal",0.621,0.004,3.29564455311572,0.809,0.618,0,0
"396","LOC105370302",105370302,"NA","Neuronal",0.456,0.179,2.41134552666271,0.654,0.308,0,0
"397","LOC105370359",105370359,"NA","Non-neuronal",0.401,0.438,2.60494368088278,0.501,0.002,2.22424251001203e-62,1.11837137645915e-57
"398","LOC105370610",105370610,"NA","Neuronal",0.601,0.255,3.04771529020053,0.702,0.404,0,0
"399","LOC105370731",105370731,"NA","Neuronal",0.438,0.178,2.4848048857176,0.641,0.282,0,0
"400","LOC105371255",105371255,"NA","Non-neuronal",0.353,0.087,2.82252009449353,0.641,0.282,0,0
"401","LOC105371308",105371308,"NA","Neuronal",0.539,0.317,2.50563938136949,0.617,0.234,7.87792525920584e-245,3.96109959958129e-240
"402","LOC105371639",105371639,"NA","Neuronal",0.38,0.023,2.78038889942782,0.681,0.362,0,0
"403","LOC105371671",105371671,"NA","Neuronal",0.402,0.141,2.5097364871755,0.64,0.28,0,0
"404","LOC105371832",105371832,"NA","Neuronal",0.753,0.28,4.15637947192096,0.799,0.598,0,0
"405","LOC105371931",105371931,"NA","Non-neuronal",0.377,0.3,2.39170316563515,0.57,0.14,0,0
"406","LOC105371967",105371967,"ENSG00000266401","Neuronal",0.468,0.009,2.24117228053151,0.729,0.458,0,0
"407","LOC105372003",105372003,"NA","Neuronal",0.362,0.035,2.13852051617495,0.666,0.332,0,0
"408","LOC105372079",105372079,"NA","Neuronal",0.421,0.038,3.24085956820562,0.697,0.394,0,0
"409","LOC105372776",105372776,"NA","Non-neuronal",0.365,0.374,2.55229869223797,0.525,0.05,3.04516814083431e-139,1.5311409928929e-134
"410","LOC105373153",105373153,"NA","Neuronal",0.742,0.22,3.37438560248993,0.82,0.64,0,0
"411","LOC105373224",105373224,"NA","Neuronal",0.4,0.051,2.02795447983825,0.68,0.36,0,0
"412","LOC105373720",105373720,"NA","Neuronal",0.359,0.037,3.16198836185058,0.666,0.332,0,0
"413","LOC105373721",105373721,"NA","Neuronal",0.445,0.009,2.31781274822996,0.718,0.436,0,0
"414","LOC105373893",105373893,"NA","Neuronal",0.727,0.292,3.93346426144971,0.784,0.568,0,0
"415","LOC105373895",105373895,"NA","Neuronal",0.534,0.174,2.94526191387106,0.71,0.42,0,0
"416","LOC105373896",105373896,"NA","Neuronal",0.538,0.065,3.69498624715373,0.75,0.5,0,0
"417","LOC105374214",105374214,"NA","Non-neuronal",0.71,0.627,2.55995965099271,0.651,0.302,0,0
"418","LOC105374524",105374524,"NA","Neuronal",0.443,0.257,2.71363346100808,0.608,0.216,3.54234922703087e-263,1.78112861484339e-258
"419","LOC105374971",105374971,"NA","Neuronal",0.525,0.266,3.52947845817145,0.642,0.284,0,0
"420","LOC105375159",105375159,"NA","Neuronal",0.558,0.183,2.32021972547987,0.716,0.432,0,0
"421","LOC105375383",105375383,"NA","Neuronal",0.525,0.082,2.13765937217621,0.732,0.464,0,0
"422","LOC105375483",105375483,"ENSG00000241345","Non-neuronal",0.476,0.352,3.79766290277846,0.612,0.224,0,0
"423","LOC105375629",105375629,"NA","Neuronal",0.649,0.098,2.89336627778671,0.795,0.59,0,0
"424","LOC105375931",105375931,"NA","Neuronal",0.506,0.231,2.84855175674909,0.653,0.306,0,0
"425","LOC105376219",105376219,"NA","Non-neuronal",0.328,0.353,2.84466952808319,0.515,0.03,2.74856925949671e-232,1.38200810936754e-227
"426","LOC105376387",105376387,"NA","Non-neuronal",0.517,0.439,3.05885013299872,0.61,0.22,0,0
"427","LOC105376404",105376404,"NA","Neuronal",0.511,0.026,2.16376543876241,0.744,0.488,0,0
"428","LOC105376405",105376405,"NA","Neuronal",0.555,0.018,3.0006948345285,0.77,0.54,0,0
"429","LOC105376407",105376407,"NA","Neuronal",0.712,0.119,3.29261637061497,0.828,0.656,0,0
"430","LOC105376423",105376423,"NA","Neuronal",0.519,0.002,2.95553787275442,0.759,0.518,0,0
"431","LOC105377329",105377329,"NA","Neuronal",0.52,0.175,2.16248024610238,0.693,0.386,0,0
"432","LOC105377462",105377462,"NA","Neuronal",0.766,0.328,2.11542525420985,0.787,0.574,0,0
"433","LOC105377632",105377632,"NA","Non-neuronal",0.635,0.655,2.60332636667949,0.589,0.178,0,0
"434","LOC105377703",105377703,"NA","Neuronal",0.495,0.259,2.81605676644164,0.635,0.27,0,0
"435","LOC105377751",105377751,"NA","Neuronal",0.807,0.075,2.44109107615485,0.881,0.762,0,0
"436","LOC105377899",105377899,"NA","Neuronal",0.417,0.105,2.41273636289982,0.667,0.334,0,0
"437","LOC105378030",105378030,"NA","Neuronal",0.363,0.041,3.6606592153209,0.666,0.332,0,0
"438","LOC105378031",105378031,"NA","Neuronal",0.556,0.208,2.82259438275223,0.693,0.386,0,0
"439","LOC105378305",105378305,"ENSG00000231131","Non-neuronal",0.413,0.43,4.49701686004128,0.537,0.0740000000000001,0,0
"440","LOC105378334",105378334,"NA","Neuronal",0.711,0.366,2.33702596068921,0.728,0.456,0,0
"441","LOC284930",284930,"ENSG00000224271","Neuronal",0.658,0.296,3.94768406846097,0.735,0.47,0,0
"442","LOC285500",285500,"NA","Non-neuronal",0.506,0.508,2.11787242954831,0.553,0.106,1.28285830775515e-287,6.45033985722369e-283
"443","LOC285696",285696,"NA","Neuronal",0.853,0.408,2.00618919773046,0.838,0.676,0,0
"444","LOC440040",440040,"ENSG00000285164, ENSG00000205035","Neuronal",0.963,0.404,3.77177187662426,0.946,0.892,0,0
"445","LOC643962",643962,"NA","Neuronal",0.808,0.438,2.67519521609275,0.739,0.478,0,0
"446","LOC648987",648987,"ENSG00000177738","Non-neuronal",0.303,0.412,2.01314062316953,0.472,0.056,1.40282078355321e-306,7.05352318178391e-302
"447","LOC730076",730076,"NA","Neuronal",0.47,0.027,2.64664238079338,0.726,0.452,0,0
"448","LPAR1",1902,"ENSG00000198121","Non-neuronal",0.581,0.224,4.1024866689017,0.73,0.46,0,0
"449","LRFN5",145581,"ENSG00000165379","Neuronal",0.991,0.399,2.41248056947857,0.951,0.902,0,0
"450","LRIG1",26018,"ENSG00000144749","Non-neuronal",0.419,0.292,2.3411800275236,0.595,0.19,0,0
"451","LRP2",4036,"ENSG00000081479","Non-neuronal",0.473,0.469,3.36381881464566,0.567,0.134,0,0
"452","LRP4",4038,"ENSG00000134569","Non-neuronal",0.5,0.171,4.03184286018668,0.699,0.398,0,0
"453","LY86.AS1",NA,"NA","Neuronal",0.733,0.189,3.53238792423277,0.822,0.644,0,0
"454","LYN",4067,"ENSG00000254087","Non-neuronal",0.526,0.423,3.90014675479681,0.621,0.242,0,0
"455","LYPD8",646627,"ENSG00000259823","Neuronal",0.433,0.044,2.77573055605902,0.701,0.402,0,0
"456","MAG",4099,"ENSG00000105695","Non-neuronal",0.413,0.143,4.67277342735491,0.66,0.32,0,0
"457","MAL",4118,"ENSG00000172005","Non-neuronal",0.427,0.073,4.69159465279699,0.69,0.38,0,0
"458","MAL2",114569,"ENSG00000147676","Neuronal",0.541,0.025,2.22528829792715,0.758,0.516,0,0
"459","MAML2",84441,"ENSG00000184384","Non-neuronal",0.876,0.536,3.49079035817885,0.861,0.722,0,0
"460","MAP7D2",256714,"ENSG00000184368","Neuronal",0.891,0.3,2.07825752705488,0.891,0.782,0,0
"461","MARCH11",441061,"ENSG00000183654","Neuronal",0.624,0.073,2.99582987442006,0.792,0.584,0,0
"462","MARCH4",57574,"ENSG00000144583","Neuronal",0.784,0.171,3.25129998395599,0.86,0.72,0,0
"463","MAST1",22983,"ENSG00000105613","Neuronal",0.918,0.293,2.11972226527615,0.908,0.816,0,0
"464","MBP",4155,"ENSG00000197971","Non-neuronal",0.713,0.672,3.60568425758947,0.662,0.324,0,0
"465","MCHR2",84539,"ENSG00000152034","Neuronal",0.691,0.177,3.71307549219633,0.796,0.592,0,0
"466","MECOM",2122,"ENSG00000085276","Non-neuronal",0.391,0.462,3.3327961746829,0.5,0,7.12156973490774e-200,3.58079647840896e-195
"467","MEG3",55384,"ENSG00000214548","Neuronal",1,0.47,2.92390389937943,0.987,0.974,0,0
"468","MEGF10",84466,"ENSG00000145794","Non-neuronal",0.629,0.298,3.09371266481714,0.731,0.462,0,0
"469","MEIS1",4211,"ENSG00000143995","Non-neuronal",0.459,0.457,2.66744956496661,0.572,0.144,0,0
"470","MEIS3",56917,"ENSG00000105419","Neuronal",0.742,0.15,2.37414572508941,0.832,0.664,0,0
"471","MERTK",10461,"ENSG00000153208","Non-neuronal",0.537,0.465,2.76105630026013,0.602,0.204,0,0
"472","MICAL2",9645,"ENSG00000133816","Neuronal",0.919,0.175,2.48515187061331,0.923,0.846,0,0
"473","MIR124.2HG",NA,"NA","Neuronal",0.958,0.097,3.13736274242907,0.958,0.916,0,0
"474","MIR137HG",400765,"ENSG00000225206","Neuronal",0.858,0.072,4.48531447356858,0.919,0.838,0,0
"475","MIR4500HG",642345,"ENSG00000228824","Neuronal",0.668,0.167,2.9326715729843,0.787,0.574,0,0
"476","MLIP",90523,"ENSG00000146147","Neuronal",0.811,0.209,4.14340772939369,0.868,0.736,0,0
"477","MMD2",221938,"ENSG00000136297","Non-neuronal",0.643,0.603,2.63511728529532,0.619,0.238,0,0
"478","MOBP",4336,"ENSG00000168314","Non-neuronal",0.524,0.323,4.03698000680057,0.654,0.308,0,0
"479","MOG",4340,"ENSG00000236561, ENSG00000230885, ENSG00000234096, ENSG00000237834, ENSG00000232641, ENSG00000234623, ENSG00000137345, ENSG00000204655","Non-neuronal",0.473,0.098,5.54190658924954,0.708,0.416,0,0
"480","MPPED1",758,"ENSG00000186732","Neuronal",0.855,0.134,2.22574876068674,0.89,0.78,0,0
"481","MSI2",124540,"ENSG00000153944","Non-neuronal",0.825,0.881,2.09105571785316,0.6,0.2,0,0
"482","MSN",4478,"ENSG00000147065","Non-neuronal",0.448,0.505,2.45251321732045,0.523,0.046,0,0
"483","MTMR10",54893,"ENSG00000277086, ENSG00000166912","Non-neuronal",0.467,0.349,2.1356650208939,0.6,0.2,0,0
"484","MTUS1",57509,"ENSG00000129422","Non-neuronal",0.719,0.508,2.15751594095592,0.708,0.416,0,0
"485","MTUS2",23281,"ENSG00000132938","Neuronal",0.989,0.674,3.32385285621777,0.964,0.928,0,0
"486","MYO10",4651,"ENSG00000145555","Non-neuronal",0.914,0.888,2.69688875441596,0.723,0.446,0,0
"487","MYO15B",80022,"ENSG00000266714","Non-neuronal",0.489,0.201,3.76661167773283,0.682,0.364,0,0
"488","MYO1E",4643,"ENSG00000157483","Non-neuronal",0.694,0.593,3.01198867751875,0.665,0.33,0,0
"489","MYO1F",4542,"ENSG00000142347","Non-neuronal",0.526,0.565,2.14179018385396,0.518,0.036,6.83458808459622e-150,3.43649923481583e-145
"490","MYOF",26509,"ENSG00000138119","Non-neuronal",0.504,0.502,2.67998174102501,0.558,0.116,2.05721227612578e-283,1.0343869045588e-278
"491","MYOM1",8736,"ENSG00000101605","Non-neuronal",0.461,0.43,2.07945792804056,0.56,0.12,7.06198986091209e-245,3.55083912196521e-240
"492","MYRF",745,"ENSG00000124920","Non-neuronal",0.423,0.082,4.53541662295611,0.685,0.37,0,0
"493","MYT1L",23040,"ENSG00000186487","Neuronal",0.998,0.442,2.43485135682891,0.961,0.922,0,0
"494","NACC2",138151,"ENSG00000148411","Non-neuronal",0.43,0.301,2.05154376142733,0.598,0.196,0,0
"495","NCKAP5",344148,"ENSG00000176771","Non-neuronal",0.958,0.798,3.50286385748427,0.915,0.83,0,0
"496","NDE1",54820,"ENSG00000275911, ENSG00000072864","Non-neuronal",0.481,0.399,2.78389954009115,0.593,0.186,0,0
"497","NDRG1",10397,"ENSG00000104419","Non-neuronal",0.495,0.354,2.38978971475278,0.625,0.25,0,0
"498","NDRG2",57447,"ENSG00000165795","Non-neuronal",0.591,0.135,4.07093516773891,0.759,0.518,0,0
"499","NDST3",9348,"ENSG00000164100","Neuronal",0.841,0.245,2.71443421953434,0.868,0.736,0,0
"500","NEAT1",283131,"ENSG00000245532","Non-neuronal",0.664,0.235,2.9249116487415,0.763,0.526,0,0
"501","NELL2",4753,"ENSG00000184613","Neuronal",0.946,0.45,3.0077200911465,0.917,0.834,0,0
"502","NETO1",81832,"ENSG00000166342","Neuronal",0.916,0.206,2.31559782666607,0.91,0.82,0,0
"503","NEUROD6",63974,"ENSG00000164600","Neuronal",0.458,0.025,2.37886926145689,0.718,0.436,0,0
"504","NGEF",25791,"ENSG00000066248","Neuronal",0.8,0.262,2.30175679852434,0.843,0.686,0,0
"505","NHSL1",57224,"ENSG00000135540","Non-neuronal",0.659,0.516,4.04520754535003,0.685,0.37,0,0
"506","NINJ2",4815,"ENSG00000171840","Non-neuronal",0.39,0.251,3.35174540074983,0.601,0.202,0,0
"507","NIPAL2",79815,"ENSG00000104361","Neuronal",0.558,0.023,2.36166801972885,0.769,0.538,0,0
"508","NOTCH2",4853,"ENSG00000134250","Non-neuronal",0.396,0.242,2.14086281562894,0.6,0.2,1.7367207209775e-306,8.73240545714695e-302
"509","NPL",80896,"ENSG00000135838","Non-neuronal",0.402,0.276,2.57128417574746,0.593,0.186,0,0
"510","NPM2",10361,"ENSG00000158806","Neuronal",0.618,0.041,2.33075739612583,0.794,0.588,0,0
"511","NPSR1.AS1",NA,"NA","Neuronal",0.592,0.363,2.02039013251799,0.609,0.218,3.47998280215838e-203,1.74977015275326e-198
"512","NPTX1",4884,"ENSG00000171246","Neuronal",0.728,0.049,2.40831596661545,0.843,0.686,0,0
"513","NPY1R",4886,"ENSG00000164128","Neuronal",0.597,0.032,2.89191646528618,0.788,0.576,0,0
"514","NRG1",3084,"ENSG00000157168","Neuronal",0.95,0.712,4.05086981335978,0.852,0.704,0,0
"515","NRIP3",56675,"ENSG00000175352","Neuronal",0.442,0.074,2.35651178422518,0.693,0.386,0,0
"516","NRSN1",140767,"ENSG00000152954","Neuronal",0.891,0.106,2.13325370448927,0.907,0.814,0,0
"517","NTN1",9423,"ENSG00000065320","Non-neuronal",0.531,0.515,2.05617100710102,0.561,0.122,9.82165593799657e-221,4.93842682218406e-216
"518","NWD1",284434,"ENSG00000188039","Non-neuronal",0.534,0.546,2.3710818155814,0.558,0.116,0,0
"519","NWD2",57495,"ENSG00000174145","Neuronal",0.76,0.209,3.49218604263615,0.833,0.666,0,0
"520","NYAP2",57624,"ENSG00000144460","Neuronal",0.889,0.417,3.59750957108533,0.878,0.756,0,0
"521","OCA2",4948,"ENSG00000277361, ENSG00000104044","Neuronal",0.683,0.256,2.6474336780189,0.765,0.53,0,0
"522","OLFM3",118427,"ENSG00000118733","Neuronal",0.86,0.14,3.91122625524485,0.908,0.816,0,0
"523","OLIG1",116448,"ENSG00000184221","Non-neuronal",0.434,0.021,4.63915638865252,0.71,0.42,0,0
"524","OLMALINC",90271,"ENSG00000235823","Non-neuronal",0.354,0.2,2.8206934249926,0.599,0.198,0,0
"525","OPALIN",93377,"ENSG00000197430","Non-neuronal",0.358,0.036,5.18613082803686,0.666,0.332,0,0
"526","OPRM1",4988,"ENSG00000112038","Neuronal",0.545,0.232,2.44759513948176,0.686,0.372,0,0
"527","OR14I1",401994,"ENSG00000189181","Neuronal",0.451,0.105,2.5094681540671,0.688,0.376,0,0
"528","OR2AG2",338755,"ENSG00000188124","Neuronal",0.767,0.189,3.1500274260036,0.84,0.68,0,0
"529","PADI2",11240,"ENSG00000117115","Non-neuronal",0.546,0.157,3.91175532890637,0.727,0.454,0,0
"530","PAK3",5063,"ENSG00000077264","Neuronal",0.999,0.948,2.4193003539182,0.957,0.914,0,0
"531","PALD1",27143,"ENSG00000107719","Non-neuronal",0.395,0.345,3.13937509935417,0.556,0.112,0,0
"532","PAQR8",85315,"ENSG00000170915","Non-neuronal",0.583,0.444,2.21319359783673,0.638,0.276,0,0
"533","PARD3B",117583,"ENSG00000116117","Non-neuronal",0.86,0.775,2.71261497655633,0.74,0.48,0,0
"534","PARM1",25849,"ENSG00000169116","Neuronal",0.624,0.119,2.1727319855338,0.773,0.546,0,0
"535","PART1",25859,"ENSG00000152931","Neuronal",0.565,0.053,2.38423779743106,0.764,0.528,0,0
"536","PCLO",27445,"ENSG00000186472","Neuronal",0.998,0.482,2.82767634262208,0.972,0.944,0,0
"537","PCSK2",5126,"ENSG00000125851","Neuronal",0.94,0.253,3.13337684824241,0.937,0.874,0,0
"538","PCSK6",5046,"ENSG00000140479","Non-neuronal",0.556,0.406,2.77987496382292,0.638,0.276,0,0
"539","PDE8A",5151,"ENSG00000073417","Non-neuronal",0.823,0.84,2.16438512490474,0.669,0.338,0,0
"540","PDLIM5",10611,"ENSG00000163110","Non-neuronal",0.572,0.449,2.35875124355557,0.64,0.28,0,0
"541","PECAM1",5175,"ENSG00000261371","Non-neuronal",0.43,0.454,2.23883766732244,0.526,0.052,8.29269929230916e-160,4.16965213116597e-155
"542","PGM5",5239,"ENSG00000154330","Non-neuronal",0.251,0.357,2.71143766813556,0.463,0.074,0,0
"543","PHF21B",112885,"ENSG00000056487","Non-neuronal",0.428,0.343,2.3960499365673,0.583,0.166,0,0
"544","PHLDB1",23187,"ENSG00000019144","Non-neuronal",0.696,0.384,3.26124416641945,0.752,0.504,0,0
"545","PHLPP1",23239,"ENSG00000081913","Non-neuronal",0.911,0.868,2.47232132325942,0.784,0.568,0,0
"546","PIEZO2",63895,"ENSG00000154864","Non-neuronal",0.693,0.661,2.34377444343253,0.623,0.246,0,0
"547","PIP4K2A",5305,"ENSG00000150867","Non-neuronal",0.844,0.741,2.99389636047894,0.747,0.494,0,0
"548","PKP2",5318,"ENSG00000057294","Neuronal",0.5,0.382,2.02680559565118,0.551,0.102,3.4330310309694e-90,1.72616233268172e-85
"549","PLA2G16",11145,"ENSG00000176485","Non-neuronal",0.42,0.229,3.24409302352439,0.627,0.254,0,0
"550","PLCG2",5336,"ENSG00000197943","Non-neuronal",0.388,0.363,3.5827845389882,0.551,0.102,0,0
"551","PLD1",5337,"ENSG00000075651","Non-neuronal",0.628,0.457,3.39470019995546,0.677,0.354,0,0
"552","PLEKHB1",58473,"ENSG00000021300","Non-neuronal",0.49,0.088,3.74939340425037,0.715,0.43,0,0
"553","PLEKHH1",57475,"ENSG00000054690","Non-neuronal",0.594,0.49,2.99263872553028,0.642,0.284,0,0
"554","PLEKHH2",130271,"ENSG00000152527","Non-neuronal",0.506,0.407,2.33715436139989,0.601,0.202,0,0
"555","PLG",5340,"ENSG00000122194","Neuronal",0.433,0.074,2.28235625565745,0.687,0.374,0,0
"556","PLIN3",10226,"ENSG00000105355","Non-neuronal",0.47,0.463,2.2202340539852,0.558,0.116,0,0
"557","PLK2",10769,"ENSG00000145632","Neuronal",0.643,0.029,2.20279116312328,0.808,0.616,0,0
"558","PLLP",51090,"ENSG00000102934","Non-neuronal",0.504,0.146,4.98889225169893,0.711,0.422,0,0
"559","PLP1",5354,"ENSG00000123560","Non-neuronal",0.616,0.199,6.02251873984074,0.748,0.496,0,0
"560","PLXDC2",84898,"ENSG00000120594","Non-neuronal",0.894,0.896,2.02781485049611,0.642,0.284,8.57984494952794e-221,4.31403183907214e-216
"561","PLXNA4",91584,"ENSG00000221866","Neuronal",0.912,0.415,2.28428292041887,0.884,0.768,0,0
"562","PLXNB1",5364,"ENSG00000164050","Non-neuronal",0.452,0.097,3.26477014084779,0.69,0.38,0,0
"563","PLXNB3",5365,"ENSG00000198753","Non-neuronal",0.411,0.027,3.96623550882049,0.696,0.392,0,0
"564","PMP22",5376,"ENSG00000109099","Non-neuronal",0.496,0.116,4.26078071177697,0.713,0.426,0,0
"565","PNMA3",29944,"ENSG00000183837","Neuronal",0.697,0.03,2.09278149980335,0.832,0.664,0,0
"566","POLQ",10721,"ENSG00000051341","Neuronal",0.711,0.311,2.51943923665455,0.761,0.522,0,0
"567","PON2",5445,"ENSG00000105854","Non-neuronal",0.608,0.063,4.7572946749506,0.788,0.576,0,0
"568","PPAP2B",8613,"ENSG00000162407","Non-neuronal",0.526,0.162,3.72241714863197,0.715,0.43,0,0
"569","PPARA",5465,"ENSG00000186951","Non-neuronal",0.469,0.389,2.20948948373029,0.589,0.178,0,0
"570","PPP1R14A",94274,"ENSG00000167641","Non-neuronal",0.357,0.032,4.16313060655418,0.667,0.334,0,0
"571","PREX1",57580,"ENSG00000124126","Non-neuronal",0.762,0.407,2.90013514274156,0.777,0.554,0,0
"572","PREX2",80243,"ENSG00000046889","Non-neuronal",0.663,0.323,2.49060153811993,0.736,0.472,0,0
"573","PRKCG",5582,"ENSG00000126583","Neuronal",0.71,0.275,2.03510042363366,0.779,0.558,0,0
"574","PRKCH",5583,"ENSG00000027075","Non-neuronal",0.363,0.377,3.08551434829086,0.524,0.048,3.4739302201508e-255,1.74672685399402e-250
"575","PRKCQ",5588,"ENSG00000065675","Non-neuronal",0.651,0.545,2.52686644979931,0.647,0.294,0,0
"576","PRMT8",56341,"ENSG00000111218","Neuronal",0.794,0.171,2.94862106138646,0.861,0.722,0,0
"577","PRR16",51334,"ENSG00000184838","Neuronal",0.862,0.26,4.18112280574366,0.89,0.78,0,0
"578","PRR5L",79899,"ENSG00000135362","Non-neuronal",0.458,0.214,4.15815661836592,0.659,0.318,0,0
"579","PRRG3",79057,"ENSG00000130032","Neuronal",0.519,0.354,2.06013421475095,0.619,0.238,0,0
"580","PSAT1",29968,"ENSG00000135069","Non-neuronal",0.416,0.237,2.54949364528565,0.616,0.232,0,0
"581","PTAFR",5724,"ENSG00000169403","Non-neuronal",0.418,0.382,3.22479301390298,0.564,0.128,0,0
"582","PTGDS",5730,"ENSG00000107317","Non-neuronal",0.803,0.248,4.4053244711739,0.864,0.728,0,0
"583","PTN",5764,"ENSG00000105894","Non-neuronal",0.643,0.227,3.08867074585237,0.759,0.518,0,0
"584","PTPN3",5774,"ENSG00000070159","Neuronal",0.601,0.207,2.01238328258851,0.735,0.47,0,0
"585","PTPN5",84867,"ENSG00000110786","Neuronal",0.842,0.124,2.20122855094661,0.89,0.78,0,0
"586","PTPRN",5798,"ENSG00000054356","Neuronal",0.829,0.047,2.4762653419976,0.897,0.794,0,0
"587","PTPRN2",5799,"ENSG00000282185, ENSG00000155093","Neuronal",0.996,0.546,2.06912436829553,0.939,0.878,0,0
"588","PTPRR",5801,"ENSG00000153233","Neuronal",0.943,0.276,4.01881050665885,0.95,0.9,0,0
"589","PTPRZ1",5803,"ENSG00000106278","Non-neuronal",0.603,0.543,2.74381678811687,0.61,0.22,0,0
"590","PWAR1",145624,"ENSG00000279050","Neuronal",0.575,0.015,2.91450246304651,0.78,0.56,0,0
"591","PXK",54899,"ENSG00000168297","Non-neuronal",0.749,0.875,2.0293812950793,0.576,0.152,0,0
"592","QDPR",5860,"ENSG00000151552","Non-neuronal",0.49,0.552,2.44703708908732,0.543,0.0860000000000001,0,0
"593","QKI",9444,"ENSG00000112531","Non-neuronal",0.987,0.805,2.62021772514123,0.943,0.886,0,0
"594","RAB31",11031,"ENSG00000168461","Non-neuronal",0.555,0.465,2.24821250477828,0.61,0.22,0,0
"595","RAD51B",5890,"ENSG00000182185","Non-neuronal",0.846,0.813,2.5842458688284,0.703,0.406,0,0
"596","RALYL",138046,"ENSG00000184672","Neuronal",0.978,0.612,3.35978580939126,0.925,0.85,0,0
"597","RAPGEF3",10411,"ENSG00000079337","Non-neuronal",0.435,0.126,3.29801881506935,0.673,0.346,0,0
"598","RASGEF1C",255426,"ENSG00000146090","Non-neuronal",0.47,0.621,2.08569264855192,0.442,0.116,3.71207686617759e-128,1.86646936908275e-123
"599","RASGRP3",25780,"ENSG00000152689","Non-neuronal",0.48,0.512,2.21971481527447,0.528,0.056,4.50157730677039e-243,2.26343808561722e-238
"600","RASSF2",9770,"ENSG00000101265","Non-neuronal",0.521,0.33,3.41230122869149,0.65,0.3,0,0
"601","RBFOX1",54715,"ENSG00000078328","Neuronal",1,0.988,2.75651800238723,0.978,0.956,0,0
"602","RBFOX3",146713,"ENSG00000167281","Neuronal",0.985,0.442,3.63843070091185,0.973,0.946,0,0
"603","RBM47",54502,"ENSG00000163694","Non-neuronal",0.833,0.818,2.70586464491136,0.631,0.262,0,0
"604","RCSD1",92241,"ENSG00000198771","Non-neuronal",0.312,0.356,2.1217691018705,0.491,0.018,9.95491703769625e-85,5.00543183572405e-80
"605","RELL1",768211,"ENSG00000181826","Non-neuronal",0.401,0.298,2.29767777372001,0.581,0.162,3.41536605560046e-274,1.71728020641647e-269
"606","RELN",5649,"ENSG00000189056","Neuronal",0.764,0.635,3.02948791485174,0.553,0.106,2.78993518915576e-107,1.40280731245941e-102
"607","RFPL2",10739,"ENSG00000128253","Neuronal",0.377,0.025,2.00055870267804,0.678,0.356,0,0
"608","RFTN2",130132,"ENSG00000162944","Non-neuronal",0.804,0.59,4.13256043944155,0.793,0.586,0,0
"609","RGCC",28984,"ENSG00000102760","Non-neuronal",0.368,0.078,3.5463829219863,0.655,0.31,0,0
"610","RGS20",8601,"ENSG00000147509","Non-neuronal",0.436,0.431,2.31301485726262,0.542,0.0840000000000001,7.83340065114055e-254,3.93871218139998e-249
"611","RGS6",9628,"ENSG00000182732","Neuronal",0.905,0.568,2.54241451062055,0.836,0.672,0,0
"612","RGS7BP",401190,"ENSG00000186479","Neuronal",0.906,0.147,2.11007101790594,0.91,0.82,0,0
"613","RHOU",58480,"ENSG00000284984, ENSG00000116574","Non-neuronal",0.602,0.539,2.32455709302625,0.601,0.202,0,0
"614","RIMBP2",23504,"ENSG00000060709","Neuronal",0.943,0.284,2.9268930188597,0.94,0.88,0,0
"615","RIMS2",9699,"ENSG00000176406","Neuronal",1,0.832,2.47267588975742,0.968,0.936,0,0
"616","RIN2",54453,"ENSG00000132669","Non-neuronal",0.87,0.637,2.56287077606478,0.803,0.606,0,0
"617","RNASE1",6035,"ENSG00000129538","Non-neuronal",0.401,0.067,4.35070148518475,0.676,0.352,0,0
"618","RNF125",54941,"ENSG00000101695","Non-neuronal",0.571,0.49,2.81392087183894,0.61,0.22,0,0
"619","RNF219.AS1",NA,"NA","Non-neuronal",0.512,0.454,4.65073005105583,0.6,0.2,0,0
"620","RNF220",55182,"ENSG00000187147","Non-neuronal",0.805,0.726,4.08944162906994,0.716,0.432,0,0
"621","ROBO2",6092,"ENSG00000185008","Neuronal",0.994,0.763,4.74240902541344,0.95,0.9,0,0
"622","RPH3A",22895,"ENSG00000089169","Neuronal",0.828,0.137,2.24370452394034,0.878,0.756,0,0
"623","RPL19P9",653314,"NA","Neuronal",0.51,0.098,2.64842073283349,0.72,0.44,0,0
"624","RPS6KA6",27330,"ENSG00000072133","Neuronal",0.774,0.145,2.07036203328227,0.845,0.69,0,0
"625","RREB1",6239,"ENSG00000124782","Non-neuronal",0.431,0.342,3.25077420474779,0.59,0.18,0,0
"626","RSPO2",340419,"ENSG00000147655","Neuronal",0.68,0.31,2.04414191414024,0.73,0.46,0,0
"627","RUNDC3B",154661,"ENSG00000105784","Neuronal",0.91,0.19,2.14622261920755,0.92,0.84,0,0
"628","RXFP1",59350,"ENSG00000171509","Neuronal",0.675,0.23,3.57712579722776,0.769,0.538,0,0
"629","RYR2",6262,"ENSG00000198626","Neuronal",0.996,0.785,3.31389250094415,0.966,0.932,0,0
"630","S100B",6285,"ENSG00000160307","Non-neuronal",0.577,0.057,4.63230633560663,0.772,0.544,0,0
"631","SAMD5",389432,"ENSG00000203727","Neuronal",0.789,0.462,2.75827389067131,0.761,0.522,0,0
"632","SATB2",23314,"ENSG00000119042","Neuronal",0.79,0.262,2.31069736442519,0.828,0.656,0,0
"633","SCD",6319,"ENSG00000099194","Non-neuronal",0.533,0.212,3.95883196975898,0.701,0.402,0,0
"634","SCN2A",6326,"ENSG00000136531","Neuronal",0.998,0.323,2.22198364655821,0.953,0.906,0,0
"635","SCN3B",55800,"ENSG00000166257","Neuronal",0.882,0.086,2.64244041007516,0.92,0.84,0,0
"636","SCN8A",6334,"ENSG00000196876","Neuronal",0.981,0.422,2.09876171544296,0.935,0.87,0,0
"637","SEMA4F",10505,"ENSG00000135622","Neuronal",0.724,0.098,2.0325256478684,0.83,0.66,0,0
"638","SEMA6A",57556,"ENSG00000092421","Non-neuronal",0.624,0.432,2.0013104001598,0.669,0.338,0,0
"639","SFMBT2",57713,"ENSG00000198879","Non-neuronal",0.7,0.734,2.09372350769425,0.574,0.148,1.05093876336815e-237,5.28422519609138e-233
"640","SFTA1P",207107,"ENSG00000225383","Neuronal",0.596,0.022,3.50252134981835,0.791,0.582,0,0
"641","SH2D5",400745,"ENSG00000189410","Neuronal",0.36,0.007,2.3690456343545,0.677,0.354,0,0
"642","SH3GL2",6456,"ENSG00000107295","Neuronal",0.926,0.254,2.80848897953158,0.923,0.846,0,0
"643","SH3PXD2B",285590,"ENSG00000174705","Non-neuronal",0.523,0.423,2.16824433176885,0.604,0.208,0,0
"644","SHANK1",50944,"ENSG00000161681","Neuronal",0.82,0.229,2.06702966187536,0.856,0.712,0,0
"645","SHC4",399694,"ENSG00000185634","Non-neuronal",0.367,0.337,2.1489898482047,0.542,0.0840000000000001,5.66133587736572e-222,2.84657629249826e-217
"646","SHROOM4",57477,"ENSG00000158352","Non-neuronal",0.57,0.266,4.87233586929414,0.716,0.432,0,0
"647","SIDT1",54847,"ENSG00000072858","Neuronal",0.803,0.183,2.47237781513076,0.86,0.72,0,0
"648","SLC12A5",57468,"ENSG00000124140","Neuronal",0.915,0.069,2.51258010340702,0.936,0.872,0,0
"649","SLC1A2",6506,"ENSG00000110436","Non-neuronal",0.597,0.75,3.1369166419375,0.51,0.02,0,0
"650","SLC1A3",6507,"ENSG00000079215","Non-neuronal",0.819,0.167,5.38219345240051,0.886,0.772,0,0
"651","SLC22A10",387775,"ENSG00000184999","Neuronal",0.417,0.063,2.66240854024328,0.685,0.37,0,0
"652","SLC22A24",283238,"ENSG00000197658","Neuronal",0.682,0.212,3.89401550787033,0.779,0.558,0,0
"653","SLC22A25",387601,"ENSG00000196600","Neuronal",0.754,0.259,4.31463055620188,0.808,0.616,0,0
"654","SLC22A9",114571,"ENSG00000149742","Neuronal",0.461,0.167,2.78907379480545,0.668,0.336,0,0
"655","SLC25A13",10165,"ENSG00000004864","Non-neuronal",0.7,0.631,2.25087998056585,0.652,0.304,0,0
"656","SLC26A4",5172,"ENSG00000091137","Neuronal",0.558,0.099,2.82681559744501,0.749,0.498,0,0
"657","SLC2A5",6518,"ENSG00000142583","Non-neuronal",0.582,0.552,3.37874703214184,0.591,0.182,0,0
"658","SLC30A3",7781,"ENSG00000115194","Neuronal",0.51,0.058,2.37627882267754,0.736,0.472,0,0
"659","SLC35D2",11046,"ENSG00000285269, ENSG00000130958","Non-neuronal",0.609,0.439,3.73394114886022,0.675,0.35,0,0
"660","SLC35F3",148641,"ENSG00000183780","Neuronal",0.964,0.521,2.22872425946737,0.91,0.82,0,0
"661","SLC44A1",23446,"ENSG00000070214","Non-neuronal",0.808,0.923,2.15310217613317,0.611,0.222,0,0
"662","SLC48A1",55652,"ENSG00000211584","Non-neuronal",0.358,0.264,2.30496139679331,0.574,0.148,0,0
"663","SLC4A10",57282,"ENSG00000144290","Neuronal",0.999,0.473,2.92213230724082,0.978,0.956,0,0
"664","SLC5A11",115584,"ENSG00000288216, ENSG00000158865","Non-neuronal",0.692,0.603,4.6620018330964,0.673,0.346,0,0
"665","SLC6A17",388662,"ENSG00000197106","Neuronal",0.775,0.063,2.33102563385942,0.869,0.738,0,0
"666","SLC6A7",6534,"ENSG00000011083","Neuronal",0.683,0.039,3.14688865656514,0.832,0.664,0,0
"667","SLC8A2",6543,"ENSG00000118160","Neuronal",0.809,0.279,2.34867226347655,0.845,0.69,0,0
"668","SLCO1A2",6579,"ENSG00000084453","Non-neuronal",0.521,0.348,5.00554929197983,0.657,0.314,0,0
"669","SLIT1",6585,"ENSG00000187122","Neuronal",0.833,0.269,2.11757070918996,0.855,0.71,0,0
"670","SLIT3",6586,"ENSG00000184347","Neuronal",0.892,0.748,2.73225548855957,0.732,0.464,0,0
"671","SMOC1",64093,"ENSG00000198732","Non-neuronal",0.37,0.198,2.46016728011332,0.607,0.214,0,0
"672","SNORD115.",NA,"NA","Neuronal",0.997,0.207,3.44325795251306,0.983,0.966,0,0
"673","SNRPN",6638,"ENSG00000128739","Neuronal",0.923,0.502,2.50836660337912,0.859,0.718,0,0
"674","SOHLH1",402381,"ENSG00000165643","Neuronal",0.448,0.005,2.74709186969162,0.722,0.444,0,0
"675","SOX13",9580,"ENSG00000143842","Non-neuronal",0.352,0.231,2.15231940715749,0.584,0.168,0,0
"676","SOX2",6657,"ENSG00000181449","Non-neuronal",0.457,0.144,2.38298475505087,0.671,0.342,0,0
"677","SPATA13",221178,"ENSG00000182957, ENSG00000228741","Non-neuronal",0.631,0.427,2.53323883475889,0.678,0.356,0,0
"678","SPATA22",84690,"ENSG00000141255","Non-neuronal",0.569,0.49,2.85374552476625,0.621,0.242,0,0
"679","SPATA6",54558,"ENSG00000132122","Non-neuronal",0.759,0.789,2.14135666694531,0.656,0.312,0,0
"680","SPHKAP",80309,"ENSG00000153820","Neuronal",0.484,0.167,2.85481832990423,0.678,0.356,0,0
"681","SPON1",10418,"ENSG00000262655","Non-neuronal",0.594,0.605,2.17556006253014,0.578,0.156,0,0
"682","SPP1",6696,"ENSG00000118785","Non-neuronal",0.502,0.082,4.78098530077249,0.725,0.45,0,0
"683","SPTSSB",165679,"ENSG00000196542","Neuronal",0.429,0.035,2.04308058927333,0.699,0.398,0,0
"684","SRRM3",222183,"ENSG00000177679","Neuronal",0.986,0.554,2.9006262420689,0.963,0.926,0,0
"685","SRRM4",84530,"ENSG00000139767","Neuronal",0.975,0.416,3.76691920374834,0.969,0.938,0,0
"686","ST18",9705,"ENSG00000147488","Non-neuronal",0.626,0.262,5.68530995388139,0.744,0.488,0,0
"687","ST6GAL1",6480,"ENSG00000073849","Non-neuronal",0.652,0.756,2.41677963274776,0.475,0.05,1.02879940458996e-95,5.1729062862188e-91
"688","ST6GALNAC3",256435,"ENSG00000184005","Non-neuronal",0.755,0.786,2.00696146118701,0.613,0.226,1.00834863359212e-308,5.07007776456453e-304
"689","ST6GALNAC5",81849,"ENSG00000117069","Neuronal",0.906,0.295,3.29468697501374,0.905,0.81,0,0
"690","ST8SIA3",51046,"ENSG00000177511","Neuronal",0.895,0.068,2.18932775388709,0.918,0.836,0,0
"691","STAT4",6775,"ENSG00000138378","Neuronal",0.751,0.232,2.6596110651595,0.819,0.638,0,0
"692","STK33",65975,"ENSG00000130413","Non-neuronal",0.503,0.513,2.51199891638929,0.564,0.128,0,0
"693","STON2",85439,"ENSG00000140022","Non-neuronal",0.432,0.297,3.83222351980372,0.614,0.228,0,0
"694","STX1A",6804,"ENSG00000106089","Neuronal",0.797,0.154,2.18894244533812,0.861,0.722,0,0
"695","STXBP5.AS1",NA,"NA","Neuronal",0.818,0.294,2.0718553412151,0.832,0.664,0,0
"696","STXBP5L",9515,"ENSG00000145087","Neuronal",0.999,0.715,2.95641850449252,0.976,0.952,0,0
"697","STYK1",55359,"ENSG00000060140","Neuronal",0.462,0.094,2.67569748587636,0.698,0.396,0,0
"698","SUCLG2",8801,"ENSG00000172340","Non-neuronal",0.519,0.466,2.765308087189,0.597,0.194,0,0
"699","SUCLG2.AS1",NA,"NA","Non-neuronal",0.397,0.365,2.07318058791208,0.551,0.102,6.57492378509555e-253,3.30593742838389e-248
"700","SV2B",9899,"ENSG00000185518","Neuronal",0.845,0.376,2.45234051262676,0.842,0.684,0,0
"701","SV2C",22987,"ENSG00000122012","Neuronal",0.481,0.326,2.35758114439636,0.575,0.15,6.00139595923967e-129,3.0175619022653e-124
"702","SVOP",55530,"ENSG00000166111","Neuronal",0.876,0.255,2.66922390272501,0.899,0.798,0,0
"703","SYBU",55638,"ENSG00000147642","Neuronal",0.898,0.183,2.19706288388964,0.904,0.808,0,0
"704","SYCE1",93426,"ENSG00000171772","Neuronal",0.685,0.248,2.517300821193,0.781,0.562,0,0
"705","SYN2",6854,"ENSG00000157152","Neuronal",0.993,0.389,2.66334815887943,0.962,0.924,0,0
"706","SYN3",8224,"ENSG00000185666","Neuronal",0.942,0.615,2.18649504736805,0.868,0.736,0,0
"707","SYNGR3",9143,"ENSG00000127561","Neuronal",0.648,0.022,2.05367327275608,0.812,0.624,0,0
"708","SYNPO2",171024,"ENSG00000172403","Neuronal",0.743,0.178,2.31098197409704,0.825,0.65,0,0
"709","SYNPR",132204,"ENSG00000163630","Neuronal",0.807,0.316,3.53272577111177,0.819,0.638,0,0
"710","SYT1",6857,"ENSG00000067715","Neuronal",0.998,0.501,3.36940257472986,0.984,0.968,0,0
"711","SYT13",57586,"ENSG00000019505","Neuronal",0.65,0.063,2.14441873012853,0.804,0.608,0,0
"712","SYT16",83851,"ENSG00000139973","Neuronal",0.988,0.387,2.04297300255892,0.938,0.876,0,0
"713","SYT7",9066,"ENSG00000011347","Neuronal",0.799,0.071,2.89180833761944,0.883,0.766,0,0
"714","SYTL5",94122,"ENSG00000147041","Neuronal",0.371,0.184,2.90458256734955,0.6,0.2,6.08649224894261e-230,3.06034916769083e-225
"715","TANC1",85461,"ENSG00000115183","Non-neuronal",0.781,0.581,2.5885195358194,0.737,0.474,0,0
"716","TBR1",10716,"ENSG00000136535","Neuronal",0.48,0.019,2.05292153494749,0.732,0.464,0,0
"717","TBXAS1",6916,"ENSG00000059377","Non-neuronal",0.436,0.339,4.19498928700668,0.592,0.184,0,0
"718","TCERG1L",256536,"ENSG00000176769","Neuronal",0.572,0.203,2.78768966486938,0.719,0.438,0,0
"719","TCF7L1",83439,"ENSG00000152284","Non-neuronal",0.557,0.561,2.1466674908647,0.564,0.128,0,0
"720","TENM3",55714,"ENSG00000218336","Neuronal",0.93,0.547,2.32680341645176,0.862,0.724,0,0
"721","TESK2",10420,"ENSG00000070759","Non-neuronal",0.72,0.667,2.2362593087043,0.634,0.268,0,0
"722","TESPA1",9840,"ENSG00000135426","Neuronal",0.542,0.048,2.71544287126331,0.753,0.506,0,0
"723","TF",7018,"ENSG00000091513","Non-neuronal",0.701,0.764,2.95374899420712,0.606,0.212,0,0
"724","TFEC",22797,"ENSG00000105967","Non-neuronal",0.298,0.411,2.8203093057736,0.468,0.0639999999999999,9.62818704832767e-296,4.84114872976964e-291
"725","THSD7B",80731,"ENSG00000144229","Neuronal",0.847,0.65,2.13339556369032,0.613,0.226,1.27553663242596e-240,6.41352574150097e-236
"726","TJP2",9414,"ENSG00000119139","Non-neuronal",0.538,0.502,2.08114145248457,0.568,0.136,3.66123430698964e-218,1.84090522189746e-213
"727","TLK2P1",646202,"NA","Neuronal",0.445,0.067,2.66177269115609,0.697,0.394,0,0
"728","TMCC3",57458,"ENSG00000057704","Non-neuronal",0.474,0.345,2.86615897477518,0.613,0.226,0,0
"729","TMEM123",114908,"ENSG00000152558","Non-neuronal",0.39,0.343,2.07096792456274,0.554,0.108,1.6154041221122e-235,8.12241346639237e-231
"730","TMEM144",55314,"ENSG00000164124","Non-neuronal",0.709,0.318,3.98764820151259,0.777,0.554,0,0
"731","TMEM151B",441151,"ENSG00000178233","Neuronal",0.642,0.032,2.02830244369516,0.808,0.616,0,0
"732","TMEM155",132332,"ENSG00000164112","Neuronal",0.371,0.015,2.17887493707106,0.678,0.356,0,0
"733","TMEM165",55858,"ENSG00000134851","Non-neuronal",0.632,0.692,2.23117751073022,0.592,0.184,0,0
"734","TMEM178A",130733,"ENSG00000152154","Neuronal",0.926,0.13,2.23105876804383,0.924,0.848,0,0
"735","TMEM261P1",100289059,"NA","Neuronal",0.829,0.067,3.53881560611371,0.902,0.804,0,0
"736","TMEM63A",9725,"ENSG00000196187","Non-neuronal",0.565,0.138,4.7147831800284,0.747,0.494,0,0
"737","TNS3",64759,"ENSG00000136205","Non-neuronal",0.669,0.542,3.14375619323867,0.676,0.352,0,0
"738","TRHDE",29953,"ENSG00000072657","Neuronal",0.83,0.39,2.67479215305996,0.809,0.618,0,0
"739","TRHDE.AS1",NA,"NA","Neuronal",0.467,0.025,2.46134723401748,0.722,0.444,0,0
"740","TRIM54",57159,"ENSG00000138100","Neuronal",0.403,0.111,2.2148578115949,0.659,0.318,0,0
"741","TRPC4",7223,"ENSG00000133107","Neuronal",0.535,0.179,2.31348163573203,0.698,0.396,0,0
"742","TRPM6",140803,"ENSG00000119121","Non-neuronal",0.394,0.382,2.17093424224683,0.539,0.0780000000000001,3.82946347449656e-181,1.92549252961162e-176
"743","TSC22D4",81628,"ENSG00000166925","Non-neuronal",0.539,0.163,3.45161902152008,0.722,0.444,0,0
"744","TSHZ2",128553,"ENSG00000182463","Neuronal",0.83,0.651,2.13880932574097,0.665,0.33,0,0
"745","TSPAN13",27075,"ENSG00000106537","Neuronal",0.831,0.116,2.21927058357504,0.883,0.766,0,0
"746","TSPAN15",23555,"ENSG00000099282","Non-neuronal",0.365,0.221,3.33721835920763,0.599,0.198,0,0
"747","TTYH2",94015,"ENSG00000141540","Non-neuronal",0.573,0.172,4.43716436630226,0.743,0.486,0,0
"748","UBE3A",7337,"ENSG00000114062","Neuronal",1,0.59,2.28654856289425,0.979,0.958,0,0
"749","UGT8",7368,"ENSG00000174607","Non-neuronal",0.522,0.104,5.37377515791094,0.733,0.466,0,0
"750","UNC13C",440279,"ENSG00000137766","Neuronal",0.867,0.453,2.7785545830108,0.828,0.656,0,0
"751","UNC5A",90249,"ENSG00000113763","Neuronal",0.702,0.074,2.3307144601358,0.83,0.66,0,0
"752","UNC5D",137970,"ENSG00000156687","Neuronal",0.962,0.535,2.73455200264424,0.911,0.822,0,0
"753","USP54",159195,"ENSG00000166348","Non-neuronal",0.675,0.615,2.26638949877522,0.63,0.26,0,0
"754","VAV1",7409,"ENSG00000141968","Non-neuronal",0.55,0.561,2.17520570924061,0.557,0.114,9.16208282848313e-204,4.6067868669896e-199
"755","VRK2",7444,"ENSG00000028116","Non-neuronal",0.427,0.312,2.8241621890528,0.6,0.2,0,0
"756","VSTM2A",222008,"ENSG00000170419","Neuronal",0.543,0.039,2.30233983500436,0.754,0.508,0,0
"757","VSTM2A.OT1",NA,"NA","Neuronal",0.352,0.012,2.49642717114652,0.67,0.34,0,0
"758","VWA5B2",90113,"ENSG00000145198","Neuronal",0.636,0.015,2.65925327078784,0.811,0.622,0,0
"759","VWC2L",402117,"ENSG00000174453","Neuronal",0.447,0.058,3.41629888802075,0.703,0.406,0,0
"760","WASF2",10163,"ENSG00000158195","Non-neuronal",0.682,0.671,2.04932653962725,0.582,0.164,4.08166098636273e-280,2.05229996055305e-275
"761","WBSCR17",64409,"ENSG00000185274","Neuronal",0.992,0.827,2.68510635330754,0.949,0.898,0,0
"762","WIPF1",7456,"ENSG00000115935","Non-neuronal",0.512,0.246,3.58582402969824,0.679,0.358,0,0
"763","WNT10B",7480,"ENSG00000169884","Neuronal",0.389,0.024,2.46335248018654,0.686,0.372,0,0
"764","YAP1",10413,"ENSG00000137693","Non-neuronal",0.396,0.28,3.21491985686679,0.595,0.19,0,0
"765","ZBBX",79740,"ENSG00000169064","Neuronal",0.719,0.174,2.9862300832737,0.811,0.622,0,0
"766","ZBTB20",26137,"ENSG00000181722","Non-neuronal",0.982,0.776,2.77779317908257,0.944,0.888,0,0
"767","ZCCHC24",219654,"ENSG00000165424","Non-neuronal",0.498,0.049,4.5491359942837,0.735,0.47,0,0
"768","ZDHHC9",51114,"ENSG00000188706","Non-neuronal",0.41,0.388,2.0512215104191,0.542,0.0840000000000001,5.17449833669409e-196,2.60178950867316e-191
"769","ZFHX3",463,"ENSG00000140836","Non-neuronal",0.698,0.583,2.28293669662072,0.65,0.3,0,0
"770","ZFHX4",79776,"ENSG00000091656","Non-neuronal",0.606,0.2,3.00024340960424,0.743,0.486,0,0
"771","ZHX2",22882,"ENSG00000178764","Non-neuronal",0.755,0.509,2.84187594747795,0.754,0.508,0,0
"772","ZMAT4",79698,"ENSG00000165061","Neuronal",0.925,0.398,3.99083481170632,0.916,0.832,0,0
"773","ZNF385B",151126,"ENSG00000144331","Neuronal",0.956,0.322,3.97661151342745,0.955,0.91,0,0
"774","ZNF385D",79750,"ENSG00000151789","Neuronal",0.916,0.651,2.35339369643947,0.75,0.5,0,0
"775","ZNF423",23090,"ENSG00000102935","Non-neuronal",0.51,0.467,2.14256637080187,0.579,0.158,0,0
"776","ZNF710",374655,"ENSG00000140548","Non-neuronal",0.576,0.579,2.23253964819106,0.56,0.12,3.36581122947203e-289,1.69236354429083e-284
"777","ZNF804B",219578,"ENSG00000182348","Neuronal",0.863,0.505,2.81693904175433,0.805,0.61,0,0
"778","ZNF831",128611,"ENSG00000124203","Neuronal",0.448,0.143,2.10781658373153,0.666,0.332,0,0
