"","gene","entrez_id","ensembl_gene_id","class","pct.1","pct.2","avg_logFC","roc_myAUC","roc_power","MAST_p_val","MAST_p_val_adj"
"1","A2M",2,"ENSG00000175899","Non-neuronal",0.42,0.513,2.13494727182586,0.497,0.00600000000000001,3.93603870371923e-226,1.97907962061707e-221
"2","AASS",10157,"ENSG00000008311","Non-neuronal",0.56,0.161,3.46925879268207,0.733,0.466,0,0
"3","ABCA2",20,"ENSG00000107331","Non-neuronal",0.513,0.615,2.25616083078609,0.556,0.112,0,0
"4","ABCA8",10351,"ENSG00000141338","Non-neuronal",0.454,0.164,4.93722613922784,0.676,0.352,0,0
"5","ABCC4",10257,"ENSG00000125257","Non-neuronal",0.644,0.687,2.3395984772559,0.535,0.0700000000000001,2.67071652173031e-160,1.34286297429122e-155
"6","ABCG2",9429,"ENSG00000118777","Non-neuronal",0.468,0.504,3.1831716952437,0.53,0.0600000000000001,1.40545144523776e-271,7.06675041179998e-267
"7","ABTB2",25841,"ENSG00000166016","Non-neuronal",0.552,0.43,3.20518094251202,0.636,0.272,0,0
"8","ACACB",32,"ENSG00000076555","Non-neuronal",0.58,0.454,2.96937839013649,0.645,0.29,0,0
"9","ACSBG1",23205,"ENSG00000103740","Non-neuronal",0.382,0.247,3.76896649320319,0.603,0.206,0,0
"10","ACSS1",84532,"ENSG00000154930","Non-neuronal",0.421,0.073,4.18020509187602,0.686,0.372,0,0
"11","ACSS3",79611,"ENSG00000111058","Non-neuronal",0.355,0.307,2.83055539721978,0.555,0.11,0,0
"12","ADAMTS3",9508,"ENSG00000156140","Glutamatergic",0.773,0.349,3.15820003851985,0.803,0.606,0,0
"13","ADARB2",105,"ENSG00000185736","GABAergic",0.853,0.667,3.53129003063827,0.781,0.562,0,0
"14","ADGRG1",9289,"ENSG00000205336","Non-neuronal",0.447,0.198,2.88911978921486,0.649,0.298,0,0
"15","ADGRV1",84059,"ENSG00000164199","Non-neuronal",0.684,0.84,3.08053559036686,0.465,0.07,1.76004543339051e-303,8.8496844436308e-299
"16","ADRA1A",148,"ENSG00000120907","GABAergic",0.691,0.231,2.00465122388427,0.775,0.55,0,0
"17","ADTRP",84830,"ENSG00000111863","Glutamatergic",0.364,0.045,2.63712303970093,0.665,0.33,0,0
"18","AHNAK",79026,"ENSG00000124942","Non-neuronal",0.534,0.511,2.60405754233285,0.581,0.162,0,0
"19","ALK",238,"ENSG00000171094","GABAergic",0.866,0.656,2.19318556069108,0.784,0.568,0,0
"20","AMER2",219287,"ENSG00000165566","Non-neuronal",0.518,0.414,2.15846242790211,0.617,0.234,0,0
"21","ANK1",286,"ENSG00000029534","GABAergic",0.848,0.418,2.82269519675016,0.851,0.702,0,0
"22","ANKRD33B",651746,"ENSG00000164236","Glutamatergic",0.894,0.314,2.32293300709132,0.888,0.776,0,0
"23","ANKRD55",79722,"ENSG00000164512","GABAergic",0.82,0.497,2.59521946404364,0.8,0.6,0,0
"24","ANLN",54443,"ENSG00000011426","Non-neuronal",0.397,0.179,3.35925140858235,0.633,0.266,0,0
"25","ANO1",55107,"ENSG00000131620","GABAergic",0.48,0.241,2.68749789818901,0.653,0.306,0,0
"26","ANO3",63982,"ENSG00000134343","Glutamatergic",0.955,0.475,3.215560633777,0.937,0.874,0,0
"27","AOAH",313,"ENSG00000136250","Non-neuronal",0.481,0.509,2.71306257424204,0.526,0.052,1.75737879863249e-212,8.83627633740403e-208
"28","APBB1IP",54518,"ENSG00000077420","Non-neuronal",0.432,0.327,4.98641896207362,0.595,0.19,0,0
"29","APCDD1",147495,"ENSG00000154856","Non-neuronal",0.369,0.043,3.96423879603125,0.669,0.338,0,0
"30","APOD",347,"ENSG00000189058","Non-neuronal",0.566,0.262,3.93750540717885,0.704,0.408,0,0
"31","APOLD1",81575,"ENSG00000178878","Non-neuronal",0.421,0.41,2.11980719628149,0.54,0.0800000000000001,2.7206787325562e-241,1.36798447351659e-236
"32","ARHGAP15",55843,"ENSG00000075884","Non-neuronal",0.431,0.45,2.00704056009989,0.522,0.044,1.287933043748e-128,6.47585613726932e-124
"33","ARHGAP22",58504,"ENSG00000128805","Non-neuronal",0.556,0.592,2.22740297313301,0.567,0.134,0,0
"34","ARHGAP23",57636,"ENSG00000273780, ENSG00000275832","Non-neuronal",0.66,0.593,2.0968709350902,0.614,0.228,0,0
"35","ARHGAP24",83478,"ENSG00000138639","Non-neuronal",0.787,0.863,3.37299425411826,0.594,0.188,0,0
"36","ARHGAP31",57514,"ENSG00000031081","Non-neuronal",0.436,0.17,3.00144537953969,0.658,0.316,0,0
"37","ARHGEF10",9639,"ENSG00000274726, ENSG00000104728","Non-neuronal",0.646,0.502,2.09670311004626,0.657,0.314,0,0
"38","ARHGEF26",26084,"ENSG00000277101, ENSG00000114790","Non-neuronal",0.359,0.346,2.12276601432225,0.537,0.0740000000000001,2.46076018195105e-279,1.23729482708681e-274
"39","ARL4C",10123,"ENSG00000188042","GABAergic",0.833,0.24,2.53937491034623,0.86,0.72,0,0
"40","ARX",170302,"ENSG00000004848","GABAergic",0.516,0.021,2.77226228038913,0.75,0.5,0,0
"41","ATP10B",23120,"ENSG00000118322","Non-neuronal",0.744,0.642,3.2727868371561,0.718,0.436,0,0
"42","ATP13A4",84239,"ENSG00000127249","Non-neuronal",0.522,0.334,3.32674832592999,0.652,0.304,0,0
"43","ATP1A2",477,"ENSG00000018625","Non-neuronal",0.429,0.187,4.08082312719781,0.649,0.298,0,0
"44","AXL",558,"ENSG00000167601","Non-neuronal",0.533,0.42,2.46784253899901,0.614,0.228,0,0
"45","B2M",567,"ENSG00000273686, ENSG00000166710","Non-neuronal",0.61,0.35,2.2132490946964,0.678,0.356,0,0
"46","BCAN",63827,"ENSG00000132692","Non-neuronal",0.37,0.389,2.15465225199697,0.536,0.0720000000000001,0,0
"47","BCAS1",8537,"ENSG00000064787","Non-neuronal",0.638,0.222,4.87349387711285,0.769,0.538,0,0
"48","BEST1",7439,"ENSG00000167995","Non-neuronal",0.535,0.394,3.01826578890807,0.637,0.274,0,0
"49","BMP7",655,"ENSG00000101144","Non-neuronal",0.386,0.2,2.89760976855958,0.622,0.244,0,0
"50","BMPR1B",658,"ENSG00000138696","Non-neuronal",0.694,0.661,2.39844597337924,0.64,0.28,0,0
"51","BNC2",54796,"ENSG00000173068","Non-neuronal",0.59,0.554,3.85362623488262,0.599,0.198,0,0
"52","BTBD11",121551,"ENSG00000151136","GABAergic",0.868,0.447,3.69989194948582,0.871,0.742,0,0
"53","C10orf11",83938,"ENSG00000148655","Non-neuronal",0.803,0.806,2.94857176978362,0.649,0.298,0,0
"54","C10orf90",118611,"ENSG00000154493","Non-neuronal",0.626,0.253,4.44856134182678,0.752,0.504,0,0
"55","C12orf56",115749,"ENSG00000185306","Non-neuronal",0.531,0.522,2.09527867773082,0.56,0.12,3.55793042129246e-256,1.78896299513006e-251
"56","C1orf115",79762,"ENSG00000162817","Glutamatergic",0.574,0.056,2.03266889384221,0.763,0.526,0,0
"57","C3",718,"ENSG00000125730","Non-neuronal",0.377,0.278,4.61146352517268,0.583,0.166,0,0
"58","C4orf22",255119,"ENSG00000197826","Glutamatergic",0.814,0.526,2.249403341626,0.747,0.494,0,0
"59","CA2",760,"ENSG00000104267","Non-neuronal",0.459,0.187,2.6579996253505,0.661,0.322,0,0
"60","CADPS2",93664,"ENSG00000081803","Glutamatergic",0.948,0.601,2.41001580454899,0.898,0.796,0,0
"61","CAPN3",825,"ENSG00000092529","Non-neuronal",0.47,0.268,3.30656571772955,0.643,0.286,0,0
"62","CARD11",84433,"ENSG00000198286","Non-neuronal",0.478,0.499,2.46287857012064,0.539,0.0780000000000001,1.18182621844035e-231,5.94234040893993e-227
"63","CARNS1",57571,"ENSG00000172508","Non-neuronal",0.428,0.084,4.73412121888346,0.687,0.374,0,0
"64","CBLN2",147381,"ENSG00000141668","Glutamatergic",0.735,0.219,2.97892941230567,0.812,0.624,0,0
"65","CCDC144NL",339184,"ENSG00000205212","Glutamatergic",0.521,0.111,2.35108020339876,0.722,0.444,0,0
"66","CD22",933,"ENSG00000012124","Non-neuronal",0.401,0.14,4.06967320460382,0.655,0.31,0,0
"67","CD38",952,"ENSG00000004468","Non-neuronal",0.378,0.353,2.92087958064793,0.548,0.0960000000000001,0,0
"68","CD9",928,"ENSG00000010278","Non-neuronal",0.453,0.132,4.81453079778336,0.686,0.372,0,0
"69","CDC14A",8556,"ENSG00000079335","Non-neuronal",0.426,0.232,3.34244388019276,0.632,0.264,0,0
"70","CDH1",999,"ENSG00000039068","Non-neuronal",0.471,0.462,2.75728423068131,0.56,0.12,0,0
"71","CDH20",28316,"ENSG00000101542","Non-neuronal",0.834,0.593,2.39692226372519,0.8,0.6,0,0
"72","CDH22",64405,"ENSG00000149654","Glutamatergic",0.719,0.229,2.08000484595515,0.788,0.576,0,0
"73","CDH23",64072,"ENSG00000107736","Non-neuronal",0.389,0.328,2.6280039764771,0.563,0.126,7.33726842029834e-302,3.68925193441021e-297
"74","CDK18",5129,"ENSG00000117266","Non-neuronal",0.489,0.318,2.9979194418992,0.636,0.272,0,0
"75","CECR1",51816,"ENSG00000093072","Non-neuronal",0.34,0.37,2.11023744281277,0.512,0.024,1.01036918371449e-203,5.08023729263484e-199
"76","CECR2",27443,"ENSG00000099954","Non-neuronal",0.835,0.754,3.29320429373989,0.741,0.482,0,0
"77","CERCAM",51148,"ENSG00000167123","Non-neuronal",0.576,0.255,4.74664256211681,0.717,0.434,0,0
"78","CHD7",55636,"ENSG00000171316","Non-neuronal",0.619,0.217,3.19776500575033,0.749,0.498,0,0
"79","CHRNA7",1139,"ENSG00000274542, ENSG00000282088, ENSG00000175344","GABAergic",0.59,0.439,2.123912156681,0.62,0.24,0,0
"80","CHST11",50515,"ENSG00000171310","Non-neuronal",0.683,0.734,2.0060717107366,0.576,0.152,1.96961245977196e-318,9.90340840897941e-314
"81","CLDN10",9071,"ENSG00000134873","Non-neuronal",0.397,0.366,2.65709412874816,0.554,0.108,0,0
"82","CLDN11",5010,"ENSG00000013297","Non-neuronal",0.553,0.312,4.1639290101097,0.685,0.37,0,0
"83","CLDND1",56650,"ENSG00000080822","Non-neuronal",0.509,0.57,2.46209554301482,0.561,0.122,0,0
"84","CLIC4",25932,"ENSG00000169504","Non-neuronal",0.625,0.466,3.43521413637375,0.674,0.348,0,0
"85","CLMN",79789,"ENSG00000165959","Non-neuronal",0.544,0.288,3.32177435959569,0.681,0.362,0,0
"86","CNDP1",84735,"ENSG00000150656","Non-neuronal",0.533,0.236,5.36725461026125,0.7,0.4,0,0
"87","CNGB1",1258,"ENSG00000070729","Glutamatergic",0.473,0.371,2.02523341555943,0.582,0.164,0,0
"88","CNKSR3",154043,"ENSG00000153721","Non-neuronal",0.494,0.401,2.54580553357491,0.595,0.19,0,0
"89","CNR1",1268,"ENSG00000118432","GABAergic",0.688,0.51,2.21746563512731,0.666,0.332,0,0
"90","CNTN2",6900,"ENSG00000184144","Non-neuronal",0.457,0.412,2.69758473673653,0.588,0.176,0,0
"91","COL24A1",255631,"ENSG00000171502","Glutamatergic",0.913,0.652,2.8951672839394,0.819,0.638,0,0
"92","COL25A1",84570,"ENSG00000188517","GABAergic",0.742,0.627,2.3393330548332,0.652,0.304,0,0
"93","COL4A5",1287,"ENSG00000188153","Non-neuronal",0.635,0.393,5.22186672237834,0.725,0.45,0,0
"94","COL5A3",50509,"ENSG00000080573","Non-neuronal",0.47,0.495,2.96636227463126,0.544,0.0880000000000001,0,0
"95","COL9A2",1298,"ENSG00000049089","Non-neuronal",0.493,0.048,4.84601351048781,0.733,0.466,0,0
"96","COLEC12",81035,"ENSG00000158270","Non-neuronal",0.372,0.31,3.15065536214717,0.565,0.13,0,0
"97","CPM",1368,"ENSG00000135678","Non-neuronal",0.532,0.337,3.92626377124462,0.663,0.326,0,0
"98","CPNE2",221184,"ENSG00000140848","Non-neuronal",0.374,0.246,2.04116612946883,0.587,0.174,4.63178323401803e-291,2.32890692789661e-286
"99","CPNE4",131034,"ENSG00000196353","Glutamatergic",0.936,0.566,2.80499211712325,0.887,0.774,0,0
"100","CPQ",10404,"ENSG00000104324","Non-neuronal",0.596,0.497,2.09123227722545,0.622,0.244,0,0
"101","CREB3L2",64764,"ENSG00000182158","Non-neuronal",0.434,0.354,2.17498137468322,0.574,0.148,1.94998156517452e-253,9.80470230785403e-249
"102","CREB5",9586,"ENSG00000146592","Non-neuronal",0.801,0.722,2.51096042514401,0.687,0.374,0,0
"103","CRYAB",1410,"ENSG00000109846","Non-neuronal",0.491,0.246,3.32642768454253,0.664,0.328,0,0
"104","CSF1R",1436,"ENSG00000182578","Non-neuronal",0.38,0.238,4.0305044806115,0.594,0.188,0,0
"105","CSRP1",1465,"ENSG00000159176","Non-neuronal",0.43,0.117,3.60558790867683,0.674,0.348,0,0
"106","CST3",1471,"ENSG00000101439","Non-neuronal",0.499,0.256,3.2386802299113,0.669,0.338,0,0
"107","CTNNA3",29119,"ENSG00000183230","Non-neuronal",0.952,0.98,2.75090645424325,0.589,0.178,0,0
"108","CUEDC1",404093,"ENSG00000180891","Non-neuronal",0.616,0.452,2.68586584799117,0.662,0.324,0,0
"109","CXCL14",9547,"ENSG00000145824","GABAergic",0.598,0.197,4.81897442705185,0.748,0.496,0,0
"110","CYP27A1",1593,"ENSG00000135929","Non-neuronal",0.413,0.202,3.00260907866861,0.632,0.264,0,0
"111","DAAM2",23500,"ENSG00000146122","Non-neuronal",0.597,0.164,4.26790931385889,0.756,0.512,0,0
"112","DDR1",780,"ENSG00000229767, ENSG00000223680, ENSG00000234078, ENSG00000137332, ENSG00000215522, ENSG00000230456, ENSG00000204580","Non-neuronal",0.395,0.15,2.32695482564027,0.639,0.278,0,0
"113","DFNB31",25861,"ENSG00000095397","Non-neuronal",0.44,0.261,2.18088952096573,0.614,0.228,0,0
"114","DLGAP1.AS4",NA,"NA","Glutamatergic",0.87,0.09,3.0556302047619,0.921,0.842,0,0
"115","DLX1",1745,"ENSG00000144355","GABAergic",0.564,0.012,3.81799044725498,0.779,0.558,0,0
"116","DLX6.AS1",NA,"NA","GABAergic",0.837,0.055,5.21970520811654,0.913,0.826,0,0
"117","DNAH11",8701,"ENSG00000105877","Non-neuronal",0.561,0.422,2.16436334622256,0.631,0.262,3.62329287202956e-311,1.82182788898518e-306
"118","DNAJC5G",285126,"ENSG00000163793","Glutamatergic",0.434,0.045,2.08365818872012,0.701,0.402,0,0
"119","DOCK1",1793,"ENSG00000150760","Non-neuronal",0.843,0.514,4.36859775430045,0.849,0.698,0,0
"120","DOCK10",55619,"ENSG00000135905","Non-neuronal",0.824,0.594,2.03960525686872,0.772,0.544,0,0
"121","DOCK2",1794,"ENSG00000134516","Non-neuronal",0.486,0.443,3.3162155854811,0.57,0.14,0,0
"122","DOCK5",80005,"ENSG00000147459","Non-neuronal",0.783,0.491,4.97296169357094,0.805,0.61,0,0
"123","DOCK8",81704,"ENSG00000107099","Non-neuronal",0.441,0.378,4.91586960219429,0.581,0.162,0,0
"124","EBF1",1879,"ENSG00000164330","Non-neuronal",0.446,0.349,3.07668818167068,0.585,0.17,5.70369903581996e-180,2.86787691220064e-175
"125","EFHD1",80303,"ENSG00000115468","Non-neuronal",0.536,0.362,3.30221673085856,0.649,0.298,0,0
"126","ELF1",1997,"ENSG00000120690","Non-neuronal",0.537,0.437,2.63565778034759,0.615,0.23,0,0
"127","ELFN1",392617,"ENSG00000225968","GABAergic",0.434,0.207,2.16418949947145,0.638,0.276,0,0
"128","ELN",2006,"ENSG00000049540","Non-neuronal",0.454,0.371,2.18259276698169,0.585,0.17,0,0
"129","EMC10",284361,"ENSG00000161671","Non-neuronal",0.478,0.466,2.22592571533804,0.551,0.102,0,0
"130","EMID1",129080,"ENSG00000186998","Non-neuronal",0.412,0.322,2.10796488365814,0.581,0.162,0,0
"131","ENC1",8507,"ENSG00000171617","Glutamatergic",0.949,0.281,2.1153619551166,0.914,0.828,0,0
"132","ENOSF1",55556,"ENSG00000132199","Non-neuronal",0.494,0.254,2.65809718533153,0.657,0.314,0,0
"133","ENPP2",5168,"ENSG00000136960","Non-neuronal",0.584,0.327,4.24481134011255,0.697,0.394,0,0
"134","ENTPD3",956,"ENSG00000168032","GABAergic",0.707,0.253,2.24594142824593,0.773,0.546,0,0
"135","EPN2",22905,"ENSG00000072134","Non-neuronal",0.761,0.796,2.03321833084591,0.649,0.298,0,0
"136","ERBB3",2065,"ENSG00000065361","Non-neuronal",0.441,0.176,4.03778572316737,0.663,0.326,0,0
"137","ERBB4",2066,"ENSG00000178568","GABAergic",0.984,0.88,2.7560784434155,0.917,0.834,0,0
"138","EYA2",2139,"ENSG00000064655","Non-neuronal",0.615,0.564,3.5108583027187,0.63,0.26,0,0
"139","EYA4",2070,"ENSG00000112319","GABAergic",0.409,0.284,2.28657855288754,0.587,0.174,0,0
"140","FA2H",79152,"ENSG00000103089","Non-neuronal",0.552,0.205,4.96495582495458,0.722,0.444,0,0
"141","FAM107B",83641,"ENSG00000065809","Non-neuronal",0.698,0.536,3.74823643292885,0.705,0.41,0,0
"142","FAM124A",220108,"ENSG00000150510","Non-neuronal",0.383,0.325,2.15611779464159,0.563,0.126,4.94065645841247e-324,2.48421147385437e-319
"143","FAM19A1",407738,"ENSG00000183662","Glutamatergic",0.914,0.634,2.24407794745171,0.833,0.666,0,0
"144","FAXDC2",10826,"ENSG00000170271","Non-neuronal",0.538,0.364,2.80405357534774,0.647,0.294,0,0
"145","FBLN1",2192,"ENSG00000077942","Non-neuronal",0.353,0.308,2.63198268138449,0.554,0.108,0,0
"146","FBN2",2201,"ENSG00000138829","GABAergic",0.404,0.3,2.89254205306446,0.574,0.148,0,0
"147","FBXL7",23194,"ENSG00000183580","Non-neuronal",0.845,0.588,2.13816691245781,0.81,0.62,0,0
"148","FCGR2A",2212,"ENSG00000143226","Non-neuronal",0.748,0.77,2.01805947040405,0.594,0.188,0,0
"149","FGD4",121512,"ENSG00000139132","Non-neuronal",0.802,0.84,2.04504734862512,0.598,0.196,0,0
"150","FGF13",2258,"ENSG00000129682","GABAergic",0.891,0.768,2.67223692990796,0.73,0.46,0,0
"151","FGFR2",2263,"ENSG00000066468","Non-neuronal",0.689,0.402,3.06314127989147,0.741,0.482,0,0
"152","FHL2",2274,"ENSG00000115641","Glutamatergic",0.743,0.183,2.2658535131129,0.826,0.652,0,0
"153","FIRRE",286467,"ENSG00000213468","Non-neuronal",0.365,0.309,3.1143776973714,0.564,0.128,0,0
"154","FKBP5",2289,"ENSG00000096060","Non-neuronal",0.486,0.487,2.2024280707836,0.547,0.0940000000000001,4.92266234815623e-231,2.47516385527644e-226
"155","FLJ33534",285150,"NA","Glutamatergic",0.447,0.07,2.10032824889452,0.698,0.396,0,0
"156","FLT1",2321,"ENSG00000102755","Non-neuronal",0.529,0.526,2.41957987919068,0.546,0.0920000000000001,1.23628452030525e-40,6.21616219654684e-36
"157","FLT3",2322,"ENSG00000122025","GABAergic",0.55,0.433,2.42562403731358,0.604,0.208,0,0
"158","FOLH1",2346,"ENSG00000086205","Non-neuronal",0.391,0.119,4.68588815361948,0.655,0.31,0,0
"159","FOXO1",2308,"ENSG00000150907","Non-neuronal",0.571,0.341,2.81564800711098,0.68,0.36,0,0
"160","FREM1",158326,"ENSG00000164946","GABAergic",0.55,0.398,2.30827142748491,0.624,0.248,0,0
"161","FRMD4B",23150,"ENSG00000114541","Non-neuronal",0.831,0.695,3.2520921991688,0.76,0.52,0,0
"162","FSTL4",23105,"ENSG00000053108","Glutamatergic",0.964,0.516,2.90818538038394,0.931,0.862,0,0
"163","GAD1",2571,"ENSG00000128683","GABAergic",0.988,0.222,3.8616135710712,0.982,0.964,0,0
"164","GAD2",2572,"ENSG00000136750","GABAergic",0.91,0.206,5.10643710778446,0.942,0.884,0,0
"165","GALNT10",55568,"ENSG00000164574","Non-neuronal",0.512,0.422,2.10709023459739,0.592,0.184,9.97157554337596e-302,5.01380789896487e-297
"166","GATM",2628,"ENSG00000171766","Non-neuronal",0.53,0.322,2.63563180946712,0.651,0.302,0,0
"167","GLDN",342035,"ENSG00000186417","Non-neuronal",0.467,0.335,2.7813086186438,0.615,0.23,0,0
"168","GLI3",2737,"ENSG00000106571","Non-neuronal",0.528,0.367,3.68961290026393,0.641,0.282,0,0
"169","GLTP",51228,"ENSG00000139433","Non-neuronal",0.382,0.366,2.0074133474594,0.538,0.0760000000000001,5.17256781718931e-259,2.60081882416096e-254
"170","GLUL",2752,"ENSG00000135821","Non-neuronal",0.623,0.193,3.61874769961439,0.758,0.516,0,0
"171","GNG7",2788,"ENSG00000176533","Non-neuronal",0.919,0.907,2.15623054528147,0.702,0.404,0,0
"172","GPRC5B",51704,"ENSG00000167191","Non-neuronal",0.653,0.198,3.66796397862071,0.776,0.552,0,0
"173","GRAMD3",65983,"ENSG00000155324","Non-neuronal",0.498,0.213,3.23571472919135,0.68,0.36,0,0
"174","GRIK1",2897,"ENSG00000171189","GABAergic",0.936,0.587,3.19634174895682,0.893,0.786,0,0
"175","GRIN3A",116443,"ENSG00000198785","GABAergic",0.779,0.397,2.3971431262982,0.79,0.58,0,0
"176","GRIP1",23426,"ENSG00000155974","GABAergic",0.998,0.872,2.38869749252198,0.957,0.914,0,0
"177","GRIP2",80852,"ENSG00000144596","GABAergic",0.873,0.162,3.97352831147271,0.918,0.836,0,0
"178","GRM2",2912,"ENSG00000164082","Glutamatergic",0.479,0.025,2.19263397688947,0.73,0.46,0,0
"179","GSN",2934,"ENSG00000148180","Non-neuronal",0.755,0.413,3.2776375623372,0.776,0.552,0,0
"180","HAPLN1",1404,"ENSG00000145681","GABAergic",0.439,0.105,3.13520433429712,0.684,0.368,0,0
"181","HAPLN2",60484,"ENSG00000132702","Non-neuronal",0.352,0.185,3.35264645500348,0.607,0.214,0,0
"182","HEPACAM",220296,"ENSG00000165478","Non-neuronal",0.417,0.054,3.61540677863906,0.689,0.378,0,0
"183","HEPH",9843,"ENSG00000089472","Non-neuronal",0.413,0.466,3.1963766791769,0.528,0.056,0,0
"184","HHATL",57467,"ENSG00000010282","Non-neuronal",0.412,0.24,2.59757501930396,0.617,0.234,0,0
"185","HIF3A",64344,"ENSG00000124440","Non-neuronal",0.454,0.333,3.23361576513495,0.614,0.228,0,0
"186","HIP1",3092,"ENSG00000127946","Non-neuronal",0.945,0.928,2.6559638150974,0.751,0.502,0,0
"187","HIP1R",9026,"ENSG00000130787","Non-neuronal",0.693,0.592,2.22367006663154,0.7,0.4,0,0
"188","HIPK2",28996,"ENSG00000064393","Non-neuronal",0.756,0.58,2.42679143009155,0.718,0.436,0,0
"189","HPSE2",60495,"ENSG00000172987","Non-neuronal",0.775,0.874,2.23744120086265,0.531,0.0620000000000001,9.88131291682493e-324,4.96842294770874e-319
"190","HS3ST2",9956,"ENSG00000122254","Glutamatergic",0.662,0.241,2.32615794640391,0.757,0.514,0,0
"191","HTRA1",5654,"ENSG00000166033","Non-neuronal",0.656,0.226,2.52948981310899,0.755,0.51,0,0
"192","IGF1",3479,"ENSG00000017427","GABAergic",0.705,0.064,3.14738219731408,0.836,0.672,0,0
"193","IGFBP7",3490,"ENSG00000163453","Non-neuronal",0.368,0.263,3.34593620516643,0.583,0.166,0,0
"194","IL1RL2",8808,"ENSG00000115598","Glutamatergic",0.355,0.058,2.02065002266315,0.654,0.308,0,0
"195","IL6R",3570,"ENSG00000160712","Non-neuronal",0.384,0.402,2.16876665588198,0.52,0.04,3.11144703431962e-155,1.56446668332625e-150
"196","INPP5D",3635,"ENSG00000281614, ENSG00000168918","Non-neuronal",0.444,0.38,3.73303513680993,0.57,0.14,0,0
"197","ITGAM",3684,"ENSG00000169896","Non-neuronal",0.379,0.39,3.3251673661218,0.534,0.0680000000000001,0,0
"198","ITGB5",3693,"ENSG00000082781","Non-neuronal",0.361,0.25,2.33052483897778,0.58,0.16,0,0
"199","ITIH5",80760,"ENSG00000123243","Non-neuronal",0.525,0.529,2.61563489205461,0.553,0.106,3.4336370993862e-205,1.72646706994238e-200
"200","ITPKA",3706,"ENSG00000137825","Glutamatergic",0.578,0.055,2.2191255723035,0.772,0.544,0,0
"201","ITPKB",3707,"ENSG00000143772","Non-neuronal",0.488,0.183,3.31096283337854,0.684,0.368,0,0
"202","ITPR2",3709,"ENSG00000123104","Non-neuronal",0.767,0.709,2.35441999741118,0.685,0.37,0,0
"203","KANK1",23189,"ENSG00000107104","Non-neuronal",0.863,0.656,3.45629166118582,0.814,0.628,0,0
"204","KAT2B",8850,"ENSG00000114166","Non-neuronal",0.75,0.572,2.40485988725607,0.722,0.444,0,0
"205","KCNAB3",9196,"ENSG00000170049","GABAergic",0.45,0.099,2.1023777625335,0.685,0.37,0,0
"206","KCNH8",131096,"ENSG00000183960","Non-neuronal",0.704,0.559,3.91508353438959,0.718,0.436,0,0
"207","KCNJ10",3766,"ENSG00000177807","Non-neuronal",0.441,0.036,4.59544067549484,0.709,0.418,0,0
"208","KCNV1",27012,"ENSG00000164794","Glutamatergic",0.661,0.043,2.80732704351009,0.817,0.634,0,0
"209","KIAA1211",57482,"ENSG00000109265","GABAergic",0.959,0.645,2.13901508665591,0.892,0.784,0,0
"210","KIAA1211L",343990,"ENSG00000196872","Glutamatergic",0.968,0.274,2.67236102437004,0.955,0.91,0,0
"211","KIAA1755",85449,"ENSG00000149633","Non-neuronal",0.497,0.09,4.59049159344325,0.723,0.446,0,0
"212","KIF13B",23303,"ENSG00000197892","Non-neuronal",0.693,0.647,2.0045867546979,0.605,0.21,1.73803931523993e-289,8.73903548095787e-285
"213","KIF6",221458,"ENSG00000164627","Non-neuronal",0.608,0.61,2.3036213999478,0.58,0.16,0,0
"214","KIRREL",55243,"ENSG00000183853","GABAergic",0.424,0.214,2.33099744954469,0.631,0.262,0,0
"215","KIT",3815,"ENSG00000157404","GABAergic",0.485,0.129,4.01686460696043,0.702,0.404,0,0
"216","KRT17P1",147228,"NA","Glutamatergic",0.505,0.004,2.243126235779,0.751,0.502,0,0
"217","LAMA1",284217,"ENSG00000101680","Non-neuronal",0.531,0.468,3.15319427395867,0.599,0.198,0,0
"218","LATS2",26524,"ENSG00000150457","Non-neuronal",0.369,0.337,2.11205962837356,0.547,0.0940000000000001,9.99978814530054e-235,5.02799347733857e-230
"219","LDB2",9079,"ENSG00000169744","Glutamatergic",0.995,0.581,2.30737726618602,0.959,0.918,0,0
"220","LDB3",11155,"ENSG00000122367","Non-neuronal",0.464,0.311,3.1814911970241,0.622,0.244,0,0
"221","LHFPL2",10184,"ENSG00000145685","Non-neuronal",0.431,0.5,2.00567186387638,0.497,0.00600000000000001,4.91252081129064e-151,2.47006458912505e-146
"222","LHFPL3",375612,"ENSG00000187416","Non-neuronal",0.663,0.776,2.54493300485369,0.502,0.004,2.65314971268556e-176,1.33403020703543e-171
"223","LHX6",26468,"ENSG00000106852","GABAergic",0.389,0.042,3.44632853613729,0.68,0.36,0,0
"224","LIFR",3977,"ENSG00000113594","Non-neuronal",0.627,0.506,2.02062314893636,0.653,0.306,0,0
"225","LINC00290",728081,"ENSG00000248197","GABAergic",0.854,0.753,2.35765788683924,0.671,0.342,0,0
"226","LINC00403",100505996,"ENSG00000224243","GABAergic",0.56,0.164,2.0944591075351,0.721,0.442,0,0
"227","LINC00470",56651,"NA","Glutamatergic",0.456,0.14,2.90618869188361,0.678,0.356,0,0
"228","LINC00609",101101773,"ENSG00000257585","Non-neuronal",0.496,0.251,3.70280397515176,0.667,0.334,0,0
"229","LINC00639",283547,"ENSG00000259070","Non-neuronal",0.437,0.246,4.43331679866496,0.639,0.278,0,0
"230","LINC00673",100499467,"ENSG00000227036","Non-neuronal",0.632,0.645,2.31193974955421,0.586,0.172,0,0
"231","LINC00710",254312,"NA","Glutamatergic",0.773,0.047,3.28886632180332,0.876,0.752,0,0
"232","LINC01090",104355152,"NA","Glutamatergic",0.475,0.341,2.42809713040955,0.578,0.156,7.46397129702211e-240,3.75295940785569e-235
"233","LINC01170",103724389,"NA","Non-neuronal",0.584,0.515,3.49654762175703,0.63,0.26,0,0
"234","LINC01202",104326188,"NA","Glutamatergic",0.66,0.205,3.62232086534448,0.778,0.556,0,0
"235","LINC01250",101927554,"ENSG00000234423","Glutamatergic",0.967,0.451,2.34453976935496,0.922,0.844,0,0
"236","LINC01378",103689918,"NA","Glutamatergic",0.781,0.392,3.28736125078657,0.793,0.586,0,0
"237","LINC01411",101928176,"NA","Non-neuronal",0.43,0.358,2.92203686478023,0.583,0.166,0,0
"238","LINC01470",101927134,"ENSG00000249484","Non-neuronal",0.701,0.769,2.68007761077205,0.565,0.13,0,0
"239","LINC01478",101927921,"ENSG00000267337","Glutamatergic",0.61,0.394,2.51797628003248,0.638,0.276,0,0
"240","LINCR.0002",NA,"NA","Glutamatergic",0.748,0.188,4.31399038211904,0.84,0.68,0,0
"241","LITAF",9516,"ENSG00000189067","Non-neuronal",0.497,0.45,3.03450912127355,0.586,0.172,0,0
"242","LOC100132891",100132891,"ENSG00000235531","Glutamatergic",0.7,0.256,2.9059263485897,0.782,0.564,0,0
"243","LOC100287225",100287225,"ENSG00000227115","Non-neuronal",0.379,0.284,2.2888420960347,0.575,0.15,2.37293582494408e-282,1.19313586214013e-277
"244","LOC100507336",100507336,"ENSG00000228793","Non-neuronal",0.39,0.222,4.38226894224153,0.616,0.232,0,0
"245","LOC101926964",101926964,"ENSG00000231252","Non-neuronal",0.436,0.351,2.86152605249034,0.586,0.172,0,0
"246","LOC101927043",101927043,"ENSG00000234690","Non-neuronal",0.59,0.763,2.10311745052406,0.471,0.0580000000000001,0,0
"247","LOC101927406",101927406,"NA","Glutamatergic",0.481,0.123,3.26477382321653,0.699,0.398,0,0
"248","LOC101927437",101927437,"NA","Non-neuronal",0.37,0.2,4.01836894619698,0.614,0.228,0,0
"249","LOC101927459",101927459,"ENSG00000253877","Non-neuronal",0.448,0.203,5.00162907213807,0.659,0.318,0,0
"250","LOC101927587",101927587,"ENSG00000233008","Glutamatergic",0.721,0.332,2.04596411753705,0.755,0.51,0,0
"251","LOC101927619",101927619,"NA","Glutamatergic",0.377,0.041,2.36727379390405,0.673,0.346,0,0
"252","LOC101927745",101927745,"ENSG00000229425","Glutamatergic",0.463,0.109,3.70477392203953,0.696,0.392,0,0
"253","LOC101927768",101927768,"ENSG00000228624","Non-neuronal",0.396,0.384,2.13194616928552,0.535,0.0700000000000001,1.7416604459579e-188,8.75724288832093e-184
"254","LOC101927871",101927871,"NA","Glutamatergic",0.405,0.018,3.93958072781165,0.697,0.394,0,0
"255","LOC101927880",101927880,"ENSG00000233321","Glutamatergic",0.705,0.106,3.53244608320384,0.831,0.662,0,0
"256","LOC101927967",101927967,"NA","Non-neuronal",0.631,0.585,4.38865738652458,0.628,0.256,0,0
"257","LOC101928114",101928114,"ENSG00000226320","Glutamatergic",0.702,0.313,2.47143556298311,0.759,0.518,0,0
"258","LOC101928322",101928322,"NA","Glutamatergic",0.525,0.075,2.95973294774971,0.739,0.478,0,0
"259","LOC101928767",101928767,"NA","Non-neuronal",0.436,0.513,2.43882457910171,0.513,0.026,0,0
"260","LOC101929249",101929249,"NA","Non-neuronal",0.434,0.009,4.9238651943704,0.714,0.428,0,0
"261","LOC101929544",101929544,"ENSG00000248455","Glutamatergic",0.777,0.101,3.88199328005309,0.873,0.746,0,0
"262","LOC102723392",102723392,"NA","Glutamatergic",0.359,0.019,2.062220945542,0.67,0.34,0,0
"263","LOC102723503",102723503,"NA","Non-neuronal",0.413,0.365,2.02989963064498,0.559,0.118,7.12377101294239e-228,3.58190330301756e-223
"264","LOC102724687",102724687,"NA","Non-neuronal",0.413,0.434,2.21934688784929,0.53,0.0600000000000001,1.15433682762026e-291,5.80412100295743e-287
"265","LOC102724934",102724934,"NA","Glutamatergic",0.408,0.104,2.22725176287803,0.664,0.328,0,0
"266","LOC105369334",105369334,"NA","Glutamatergic",0.459,0.025,3.07932396218355,0.72,0.44,0,0
"267","LOC105369345",105369345,"NA","Non-neuronal",0.808,0.361,2.85525263354637,0.831,0.662,0,0
"268","LOC105369762",105369762,"NA","Glutamatergic",0.576,0.15,2.0616789030248,0.74,0.48,0,0
"269","LOC105370359",105370359,"NA","Non-neuronal",0.401,0.438,2.60494368088278,0.501,0.002,2.22424251001203e-62,1.11837137645915e-57
"270","LOC105370610",105370610,"NA","Glutamatergic",0.68,0.342,3.13446893161118,0.735,0.47,0,0
"271","LOC105371255",105371255,"NA","Non-neuronal",0.353,0.087,2.82252009449353,0.641,0.282,0,0
"272","LOC105371308",105371308,"NA","Glutamatergic",0.592,0.37,2.84979410081557,0.645,0.29,0,0
"273","LOC105371671",105371671,"NA","Glutamatergic",0.489,0.17,3.08629865366354,0.683,0.366,0,0
"274","LOC105371832",105371832,"NA","Glutamatergic",0.875,0.381,4.21199551693656,0.879,0.758,0,0
"275","LOC105371931",105371931,"NA","Non-neuronal",0.377,0.3,2.39170316563515,0.57,0.14,0,0
"276","LOC105371953",105371953,"NA","Glutamatergic",0.363,0.118,2.22330180496318,0.633,0.266,0,0
"277","LOC105372768",105372768,"NA","GABAergic",0.401,0.025,2.54524091988319,0.69,0.38,0,0
"278","LOC105372776",105372776,"NA","Non-neuronal",0.365,0.374,2.55229869223797,0.525,0.05,3.04516814083431e-139,1.5311409928929e-134
"279","LOC105373720",105373720,"NA","Glutamatergic",0.487,0.047,3.40934786286179,0.729,0.458,0,0
"280","LOC105373891",105373891,"NA","Glutamatergic",0.416,0.051,2.6703807168522,0.69,0.38,0,0
"281","LOC105373893",105373893,"NA","Glutamatergic",0.86,0.356,4.30692538566522,0.88,0.76,0,0
"282","LOC105373895",105373895,"NA","Glutamatergic",0.686,0.173,3.43352620270181,0.804,0.608,0,0
"283","LOC105373896",105373896,"NA","Glutamatergic",0.719,0.088,4.04594451824886,0.843,0.686,0,0
"284","LOC105374214",105374214,"NA","Non-neuronal",0.71,0.627,2.55995965099271,0.651,0.302,0,0
"285","LOC105374497",105374497,"NA","Glutamatergic",0.491,0.233,2.10106963088109,0.653,0.306,0,0
"286","LOC105374506",105374506,"NA","Glutamatergic",0.738,0.525,2.21266101571658,0.673,0.346,0,0
"287","LOC105374524",105374524,"NA","Glutamatergic",0.518,0.261,3.38474250343265,0.664,0.328,0,0
"288","LOC105374823",105374823,"NA","Glutamatergic",0.354,0.121,2.2995536427906,0.627,0.254,0,0
"289","LOC105374971",105374971,"NA","Glutamatergic",0.586,0.328,3.9952841233814,0.667,0.334,0,0
"290","LOC105375159",105375159,"NA","Glutamatergic",0.694,0.212,2.91982321844357,0.796,0.592,0,0
"291","LOC105375415",105375415,"NA","GABAergic",0.73,0.036,5.34831098334053,0.859,0.718,0,0
"292","LOC105375483",105375483,"ENSG00000241345","Non-neuronal",0.476,0.352,3.79766290277846,0.612,0.224,0,0
"293","LOC105375629",105375629,"NA","Glutamatergic",0.795,0.209,2.5065202004192,0.843,0.686,0,0
"294","LOC105375931",105375931,"NA","Glutamatergic",0.587,0.276,3.45850045481309,0.696,0.392,0,0
"295","LOC105376219",105376219,"NA","Non-neuronal",0.328,0.353,2.84466952808319,0.515,0.03,2.74856925949671e-232,1.38200810936754e-227
"296","LOC105376387",105376387,"NA","Non-neuronal",0.517,0.439,3.05885013299872,0.61,0.22,0,0
"297","LOC105376405",105376405,"NA","Glutamatergic",0.766,0.036,3.51141980399131,0.875,0.75,0,0
"298","LOC105376407",105376407,"NA","Glutamatergic",0.941,0.147,3.93623907180516,0.959,0.918,0,0
"299","LOC105376408",105376408,"NA","Glutamatergic",0.403,0.015,2.55142476484337,0.696,0.392,0,0
"300","LOC105376501",105376501,"NA","Glutamatergic",0.426,0.037,2.89560361877542,0.701,0.402,0,0
"301","LOC105377329",105377329,"NA","Glutamatergic",0.632,0.219,2.71698044945107,0.751,0.502,0,0
"302","LOC105377390",105377390,"ENSG00000228358","Glutamatergic",0.355,0.031,4.05738119702736,0.667,0.334,0,0
"303","LOC105377567",105377567,"NA","GABAergic",0.928,0.777,3.06484708351562,0.814,0.628,0,0
"304","LOC105377574",105377574,"NA","GABAergic",0.797,0.558,2.84869839922035,0.758,0.516,0,0
"305","LOC105377632",105377632,"NA","Non-neuronal",0.635,0.655,2.60332636667949,0.589,0.178,0,0
"306","LOC105377885",105377885,"NA","GABAergic",0.496,0.442,2.04294000071793,0.542,0.0840000000000001,9.19988595858335e-214,4.62579465883529e-209
"307","LOC105378030",105378030,"NA","Glutamatergic",0.462,0.088,2.45544755306449,0.699,0.398,0,0
"308","LOC105378031",105378031,"NA","Glutamatergic",0.633,0.297,2.17904852946483,0.713,0.426,0,0
"309","LOC105378208",105378208,"NA","Glutamatergic",0.452,0.046,3.53593095144404,0.711,0.422,0,0
"310","LOC105378209",105378209,"NA","Glutamatergic",0.445,0.054,3.31269929037032,0.705,0.41,0,0
"311","LOC105378305",105378305,"ENSG00000231131","Non-neuronal",0.413,0.43,4.49701686004128,0.537,0.0740000000000001,0,0
"312","LOC105378334",105378334,"NA","Glutamatergic",0.812,0.423,2.97330114905468,0.809,0.618,0,0
"313","LOC105378837",105378837,"NA","Glutamatergic",0.416,0.087,2.41734082375248,0.675,0.35,0,0
"314","LOC105379037",105379037,"NA","Glutamatergic",0.414,0.132,3.08238792783732,0.66,0.32,0,0
"315","LOC105379168",105379168,"NA","GABAergic",0.366,0.275,2.55649946496429,0.564,0.128,0,0
"316","LOC284930",284930,"ENSG00000224271","Glutamatergic",0.773,0.345,4.57173294292238,0.818,0.636,0,0
"317","LOC285500",285500,"NA","Non-neuronal",0.506,0.508,2.11787242954831,0.553,0.106,1.28285830775515e-287,6.45033985722369e-283
"318","LOC440896",440896,"ENSG00000276462, ENSG00000234394","Glutamatergic",0.421,0.013,2.88001213435069,0.706,0.412,0,0
"319","LOC648987",648987,"ENSG00000177738","Non-neuronal",0.303,0.412,2.01314062316953,0.472,0.056,1.40282078355321e-306,7.05352318178391e-302
"320","LPAR1",1902,"ENSG00000198121","Non-neuronal",0.581,0.224,4.1024866689017,0.73,0.46,0,0
"321","LRIG1",26018,"ENSG00000144749","Non-neuronal",0.419,0.292,2.3411800275236,0.595,0.19,0,0
"322","LRP2",4036,"ENSG00000081479","Non-neuronal",0.473,0.469,3.36381881464566,0.567,0.134,0,0
"323","LRP4",4038,"ENSG00000134569","Non-neuronal",0.5,0.171,4.03184286018668,0.699,0.398,0,0
"324","LY86.AS1",NA,"NA","Glutamatergic",0.919,0.245,4.28936676757111,0.94,0.88,0,0
"325","LYN",4067,"ENSG00000254087","Non-neuronal",0.526,0.423,3.90014675479681,0.621,0.242,0,0
"326","LYPD6",130574,"ENSG00000187123","GABAergic",0.543,0.228,2.38183924538254,0.697,0.394,0,0
"327","LYPD6B",130576,"ENSG00000150556","GABAergic",0.586,0.203,2.04313127672124,0.722,0.444,0,0
"328","LYPD8",646627,"ENSG00000259823","Glutamatergic",0.577,0.069,3.17255192962967,0.77,0.54,0,0
"329","MAF",4094,"ENSG00000178573","GABAergic",0.869,0.433,2.10355214551484,0.855,0.71,0,0
"330","MAG",4099,"ENSG00000105695","Non-neuronal",0.413,0.143,4.67277342735491,0.66,0.32,0,0
"331","MAL",4118,"ENSG00000172005","Non-neuronal",0.427,0.073,4.69159465279699,0.69,0.38,0,0
"332","MAML2",84441,"ENSG00000184384","Non-neuronal",0.876,0.536,3.49079035817885,0.861,0.722,0,0
"333","MBP",4155,"ENSG00000197971","Non-neuronal",0.713,0.672,3.60568425758947,0.662,0.324,0,0
"334","MCHR2",84539,"ENSG00000152034","Glutamatergic",0.838,0.266,4.02335806541948,0.88,0.76,0,0
"335","MECOM",2122,"ENSG00000085276","Non-neuronal",0.391,0.462,3.3327961746829,0.5,0,7.12156973490774e-200,3.58079647840896e-195
"336","MEGF10",84466,"ENSG00000145794","Non-neuronal",0.629,0.298,3.09371266481714,0.731,0.462,0,0
"337","MEIS1",4211,"ENSG00000143995","Non-neuronal",0.459,0.457,2.66744956496661,0.572,0.144,0,0
"338","MERTK",10461,"ENSG00000153208","Non-neuronal",0.537,0.465,2.76105630026013,0.602,0.204,0,0
"339","MIR137HG",400765,"ENSG00000225206","Glutamatergic",0.984,0.337,2.20718397035156,0.938,0.876,0,0
"340","MLIP",90523,"ENSG00000146147","Glutamatergic",0.986,0.31,4.15604265484649,0.983,0.966,0,0
"341","MMD2",221938,"ENSG00000136297","Non-neuronal",0.643,0.603,2.63511728529532,0.619,0.238,0,0
"342","MOBP",4336,"ENSG00000168314","Non-neuronal",0.524,0.323,4.03698000680057,0.654,0.308,0,0
"343","MOG",4340,"ENSG00000236561, ENSG00000230885, ENSG00000234096, ENSG00000237834, ENSG00000232641, ENSG00000234623, ENSG00000137345, ENSG00000204655","Non-neuronal",0.473,0.098,5.54190658924954,0.708,0.416,0,0
"344","MSI2",124540,"ENSG00000153944","Non-neuronal",0.825,0.881,2.09105571785316,0.6,0.2,0,0
"345","MSN",4478,"ENSG00000147065","Non-neuronal",0.448,0.505,2.45251321732045,0.523,0.046,0,0
"346","MTMR10",54893,"ENSG00000277086, ENSG00000166912","Non-neuronal",0.467,0.349,2.1356650208939,0.6,0.2,0,0
"347","MTUS1",57509,"ENSG00000129422","Non-neuronal",0.719,0.508,2.15751594095592,0.708,0.416,0,0
"348","MYO10",4651,"ENSG00000145555","Non-neuronal",0.914,0.888,2.69688875441596,0.723,0.446,0,0
"349","MYO15B",80022,"ENSG00000266714","Non-neuronal",0.489,0.201,3.76661167773283,0.682,0.364,0,0
"350","MYO1E",4643,"ENSG00000157483","Non-neuronal",0.694,0.593,3.01198867751875,0.665,0.33,0,0
"351","MYO1F",4542,"ENSG00000142347","Non-neuronal",0.526,0.565,2.14179018385396,0.518,0.036,6.83458808459622e-150,3.43649923481583e-145
"352","MYO5B",4645,"ENSG00000167306","GABAergic",0.511,0.39,2.34739642890938,0.602,0.204,0,0
"353","MYOF",26509,"ENSG00000138119","Non-neuronal",0.504,0.502,2.67998174102501,0.558,0.116,2.05721227612578e-283,1.0343869045588e-278
"354","MYOM1",8736,"ENSG00000101605","Non-neuronal",0.461,0.43,2.07945792804056,0.56,0.12,7.06198986091209e-245,3.55083912196521e-240
"355","MYRF",745,"ENSG00000124920","Non-neuronal",0.423,0.082,4.53541662295611,0.685,0.37,0,0
"356","NACC2",138151,"ENSG00000148411","Non-neuronal",0.43,0.301,2.05154376142733,0.598,0.196,0,0
"357","NCKAP5",344148,"ENSG00000176771","Non-neuronal",0.958,0.798,3.50286385748427,0.915,0.83,0,0
"358","NDE1",54820,"ENSG00000275911, ENSG00000072864","Non-neuronal",0.481,0.399,2.78389954009115,0.593,0.186,0,0
"359","NDRG1",10397,"ENSG00000104419","Non-neuronal",0.495,0.354,2.38978971475278,0.625,0.25,0,0
"360","NDRG2",57447,"ENSG00000165795","Non-neuronal",0.591,0.135,4.07093516773891,0.759,0.518,0,0
"361","NDST4",64579,"ENSG00000138653","GABAergic",0.499,0.333,2.74619604203653,0.624,0.248,0,0
"362","NEAT1",283131,"ENSG00000245532","Non-neuronal",0.664,0.235,2.9249116487415,0.763,0.526,0,0
"363","NELL2",4753,"ENSG00000184613","Glutamatergic",0.999,0.652,2.11075376370592,0.959,0.918,0,0
"364","NEUROD6",63974,"ENSG00000164600","Glutamatergic",0.635,0.031,3.18938024464591,0.808,0.616,0,0
"365","NHS",4810,"ENSG00000188158","GABAergic",0.934,0.52,2.1188741143369,0.875,0.75,0,0
"366","NHSL1",57224,"ENSG00000135540","Non-neuronal",0.659,0.516,4.04520754535003,0.685,0.37,0,0
"367","NINJ2",4815,"ENSG00000171840","Non-neuronal",0.39,0.251,3.35174540074983,0.601,0.202,0,0
"368","NMU",10874,"ENSG00000109255","GABAergic",0.401,0.263,2.97366317787381,0.589,0.178,0,0
"369","NOTCH2",4853,"ENSG00000134250","Non-neuronal",0.396,0.242,2.14086281562894,0.6,0.2,1.7367207209775e-306,8.73240545714695e-302
"370","NPL",80896,"ENSG00000135838","Non-neuronal",0.402,0.276,2.57128417574746,0.593,0.186,0,0
"371","NPSR1.AS1",NA,"NA","Glutamatergic",0.635,0.433,2.4363064787211,0.624,0.248,0,0
"372","NPTX1",4884,"ENSG00000171246","Glutamatergic",0.952,0.129,2.79760957314266,0.949,0.898,0,0
"373","NR2F2",7026,"ENSG00000185551","GABAergic",0.381,0.052,2.91336652879003,0.671,0.342,0,0
"374","NR2F2.AS1",NA,"NA","GABAergic",0.541,0.254,2.4758800900243,0.685,0.37,0,0
"375","NRIP3",56675,"ENSG00000175352","GABAergic",0.742,0.253,2.44937682823985,0.798,0.596,0,0
"376","NRN1",51299,"ENSG00000124785","Glutamatergic",0.532,0.02,2.02150439452732,0.757,0.514,0,0
"377","NTN1",9423,"ENSG00000065320","Non-neuronal",0.531,0.515,2.05617100710102,0.561,0.122,9.82165593799657e-221,4.93842682218406e-216
"378","NWD1",284434,"ENSG00000188039","Non-neuronal",0.534,0.546,2.3710818155814,0.558,0.116,0,0
"379","NWD2",57495,"ENSG00000174145","Glutamatergic",0.895,0.335,2.52461563088549,0.887,0.774,0,0
"380","NXPH1",30010,"ENSG00000122584","GABAergic",0.803,0.431,2.70563597122691,0.813,0.626,0,0
"381","NXPH2",11249,"ENSG00000144227","GABAergic",0.509,0.175,2.35200764686682,0.693,0.386,0,0
"382","OLIG1",116448,"ENSG00000184221","Non-neuronal",0.434,0.021,4.63915638865252,0.71,0.42,0,0
"383","OLMALINC",90271,"ENSG00000235823","Non-neuronal",0.354,0.2,2.8206934249926,0.599,0.198,0,0
"384","OPALIN",93377,"ENSG00000197430","Non-neuronal",0.358,0.036,5.18613082803686,0.666,0.332,0,0
"385","OR14I1",401994,"ENSG00000189181","Glutamatergic",0.589,0.114,3.02637101174281,0.764,0.528,0,0
"386","OTOGL",283310,"ENSG00000165899","Glutamatergic",0.795,0.409,2.38323789306861,0.792,0.584,0,0
"387","PADI2",11240,"ENSG00000117115","Non-neuronal",0.546,0.157,3.91175532890637,0.727,0.454,0,0
"388","PALD1",27143,"ENSG00000107719","Non-neuronal",0.395,0.345,3.13937509935417,0.556,0.112,0,0
"389","PAQR8",85315,"ENSG00000170915","Non-neuronal",0.583,0.444,2.21319359783673,0.638,0.276,0,0
"390","PARD3B",117583,"ENSG00000116117","Non-neuronal",0.86,0.775,2.71261497655633,0.74,0.48,0,0
"391","PART1",25859,"ENSG00000152931","Glutamatergic",0.771,0.065,3.27242416806642,0.873,0.746,0,0
"392","PAWR",5074,"ENSG00000177425","GABAergic",0.548,0.335,2.22860445812973,0.652,0.304,0,0
"393","PCP4L1",654790,"ENSG00000248485","GABAergic",0.593,0.298,2.53608641835717,0.699,0.398,0,0
"394","PCSK1",5122,"ENSG00000175426","Glutamatergic",0.416,0.046,2.1127626302821,0.688,0.376,0,0
"395","PCSK6",5046,"ENSG00000140479","Non-neuronal",0.556,0.406,2.77987496382292,0.638,0.276,0,0
"396","PDE1A",5136,"ENSG00000115252","Glutamatergic",0.985,0.593,2.04248565224782,0.916,0.832,0,0
"397","PDE8A",5151,"ENSG00000073417","Non-neuronal",0.823,0.84,2.16438512490474,0.669,0.338,0,0
"398","PDLIM5",10611,"ENSG00000163110","Non-neuronal",0.572,0.449,2.35875124355557,0.64,0.28,0,0
"399","PECAM1",5175,"ENSG00000261371","Non-neuronal",0.43,0.454,2.23883766732244,0.526,0.052,8.29269929230916e-160,4.16965213116597e-155
"400","PGM5",5239,"ENSG00000154330","Non-neuronal",0.251,0.357,2.71143766813556,0.463,0.074,0,0
"401","PHF21B",112885,"ENSG00000056487","Non-neuronal",0.428,0.343,2.3960499365673,0.583,0.166,0,0
"402","PHLDB1",23187,"ENSG00000019144","Non-neuronal",0.696,0.384,3.26124416641945,0.752,0.504,0,0
"403","PHLPP1",23239,"ENSG00000081913","Non-neuronal",0.911,0.868,2.47232132325942,0.784,0.568,0,0
"404","PIEZO2",63895,"ENSG00000154864","Non-neuronal",0.693,0.661,2.34377444343253,0.623,0.246,0,0
"405","PIP4K2A",5305,"ENSG00000150867","Non-neuronal",0.844,0.741,2.99389636047894,0.747,0.494,0,0
"406","PKD2L1",9033,"ENSG00000107593","Glutamatergic",0.366,0.216,2.00321463780517,0.585,0.17,1.18575755001899e-322,5.96210753725049e-318
"407","PKP2",5318,"ENSG00000057294","GABAergic",0.642,0.425,3.47034595042452,0.682,0.364,0,0
"408","PLA2G16",11145,"ENSG00000176485","Non-neuronal",0.42,0.229,3.24409302352439,0.627,0.254,0,0
"409","PLCG2",5336,"ENSG00000197943","Non-neuronal",0.388,0.363,3.5827845389882,0.551,0.102,0,0
"410","PLD1",5337,"ENSG00000075651","Non-neuronal",0.628,0.457,3.39470019995546,0.677,0.354,0,0
"411","PLEKHB1",58473,"ENSG00000021300","Non-neuronal",0.49,0.088,3.74939340425037,0.715,0.43,0,0
"412","PLEKHH1",57475,"ENSG00000054690","Non-neuronal",0.594,0.49,2.99263872553028,0.642,0.284,0,0
"413","PLEKHH2",130271,"ENSG00000152527","Non-neuronal",0.506,0.407,2.33715436139989,0.601,0.202,0,0
"414","PLIN3",10226,"ENSG00000105355","Non-neuronal",0.47,0.463,2.2202340539852,0.558,0.116,0,0
"415","PLLP",51090,"ENSG00000102934","Non-neuronal",0.504,0.146,4.98889225169893,0.711,0.422,0,0
"416","PLP1",5354,"ENSG00000123560","Non-neuronal",0.616,0.199,6.02251873984074,0.748,0.496,0,0
"417","PLXDC2",84898,"ENSG00000120594","Non-neuronal",0.894,0.896,2.02781485049611,0.642,0.284,8.57984494952794e-221,4.31403183907214e-216
"418","PLXNB1",5364,"ENSG00000164050","Non-neuronal",0.452,0.097,3.26477014084779,0.69,0.38,0,0
"419","PLXNB3",5365,"ENSG00000198753","Non-neuronal",0.411,0.027,3.96623550882049,0.696,0.392,0,0
"420","PMP22",5376,"ENSG00000109099","Non-neuronal",0.496,0.116,4.26078071177697,0.713,0.426,0,0
"421","PNOC",5368,"ENSG00000168081","GABAergic",0.466,0.088,3.89296878100327,0.706,0.412,0,0
"422","PON2",5445,"ENSG00000105854","Non-neuronal",0.608,0.063,4.7572946749506,0.788,0.576,0,0
"423","PPAP2B",8613,"ENSG00000162407","Non-neuronal",0.526,0.162,3.72241714863197,0.715,0.43,0,0
"424","PPARA",5465,"ENSG00000186951","Non-neuronal",0.469,0.389,2.20948948373029,0.589,0.178,0,0
"425","PPP1R14A",94274,"ENSG00000167641","Non-neuronal",0.357,0.032,4.16313060655418,0.667,0.334,0,0
"426","PREX1",57580,"ENSG00000124126","Non-neuronal",0.762,0.407,2.90013514274156,0.777,0.554,0,0
"427","PREX2",80243,"ENSG00000046889","Non-neuronal",0.663,0.323,2.49060153811993,0.736,0.472,0,0
"428","PRKCH",5583,"ENSG00000027075","Non-neuronal",0.363,0.377,3.08551434829086,0.524,0.048,3.4739302201508e-255,1.74672685399402e-250
"429","PRKCQ",5588,"ENSG00000065675","Non-neuronal",0.651,0.545,2.52686644979931,0.647,0.294,0,0
"430","PRR5L",79899,"ENSG00000135362","Non-neuronal",0.458,0.214,4.15815661836592,0.659,0.318,0,0
"431","PSAT1",29968,"ENSG00000135069","Non-neuronal",0.416,0.237,2.54949364528565,0.616,0.232,0,0
"432","PTAFR",5724,"ENSG00000169403","Non-neuronal",0.418,0.382,3.22479301390298,0.564,0.128,0,0
"433","PTGDS",5730,"ENSG00000107317","Non-neuronal",0.803,0.248,4.4053244711739,0.864,0.728,0,0
"434","PTN",5764,"ENSG00000105894","Non-neuronal",0.643,0.227,3.08867074585237,0.759,0.518,0,0
"435","PTPRQ",374462,"ENSG00000139304","Glutamatergic",0.545,0.342,2.21936868464378,0.629,0.258,0,0
"436","PTPRZ1",5803,"ENSG00000106278","Non-neuronal",0.603,0.543,2.74381678811687,0.61,0.22,0,0
"437","PXK",54899,"ENSG00000168297","Non-neuronal",0.749,0.875,2.0293812950793,0.576,0.152,0,0
"438","QDPR",5860,"ENSG00000151552","Non-neuronal",0.49,0.552,2.44703708908732,0.543,0.0860000000000001,0,0
"439","QKI",9444,"ENSG00000112531","Non-neuronal",0.987,0.805,2.62021772514123,0.943,0.886,0,0
"440","RAB31",11031,"ENSG00000168461","Non-neuronal",0.555,0.465,2.24821250477828,0.61,0.22,0,0
"441","RAD51B",5890,"ENSG00000182185","Non-neuronal",0.846,0.813,2.5842458688284,0.703,0.406,0,0
"442","RALYL",138046,"ENSG00000184672","Glutamatergic",1,0.784,2.22138891433398,0.964,0.928,0,0
"443","RAPGEF3",10411,"ENSG00000079337","Non-neuronal",0.435,0.126,3.29801881506935,0.673,0.346,0,0
"444","RASGEF1C",255426,"ENSG00000146090","Non-neuronal",0.47,0.621,2.08569264855192,0.442,0.116,3.71207686617759e-128,1.86646936908275e-123
"445","RASGRP3",25780,"ENSG00000152689","Non-neuronal",0.48,0.512,2.21971481527447,0.528,0.056,4.50157730677039e-243,2.26343808561722e-238
"446","RASSF2",9770,"ENSG00000101265","Non-neuronal",0.521,0.33,3.41230122869149,0.65,0.3,0,0
"447","RBM47",54502,"ENSG00000163694","Non-neuronal",0.833,0.818,2.70586464491136,0.631,0.262,0,0
"448","RCSD1",92241,"ENSG00000198771","Non-neuronal",0.312,0.356,2.1217691018705,0.491,0.018,9.95491703769625e-85,5.00543183572405e-80
"449","RELL1",768211,"ENSG00000181826","Non-neuronal",0.401,0.298,2.29767777372001,0.581,0.162,3.41536605560046e-274,1.71728020641647e-269
"450","RELN",5649,"ENSG00000189056","GABAergic",0.828,0.71,5.0281848868072,0.692,0.384,0,0
"451","RFTN2",130132,"ENSG00000162944","Non-neuronal",0.804,0.59,4.13256043944155,0.793,0.586,0,0
"452","RGCC",28984,"ENSG00000102760","Non-neuronal",0.368,0.078,3.5463829219863,0.655,0.31,0,0
"453","RGS20",8601,"ENSG00000147509","Non-neuronal",0.436,0.431,2.31301485726262,0.542,0.0840000000000001,7.83340065114055e-254,3.93871218139998e-249
"454","RHOU",58480,"ENSG00000284984, ENSG00000116574","Non-neuronal",0.602,0.539,2.32455709302625,0.601,0.202,0,0
"455","RIN2",54453,"ENSG00000132669","Non-neuronal",0.87,0.637,2.56287077606478,0.803,0.606,0,0
"456","RNASE1",6035,"ENSG00000129538","Non-neuronal",0.401,0.067,4.35070148518475,0.676,0.352,0,0
"457","RND3",390,"ENSG00000115963","GABAergic",0.422,0.04,2.79890571302669,0.695,0.39,0,0
"458","RNF125",54941,"ENSG00000101695","Non-neuronal",0.571,0.49,2.81392087183894,0.61,0.22,0,0
"459","RNF219.AS1",NA,"NA","Non-neuronal",0.512,0.454,4.65073005105583,0.6,0.2,0,0
"460","RNF220",55182,"ENSG00000187147","Non-neuronal",0.805,0.726,4.08944162906994,0.716,0.432,0,0
"461","RREB1",6239,"ENSG00000124782","Non-neuronal",0.431,0.342,3.25077420474779,0.59,0.18,0,0
"462","RXFP1",59350,"ENSG00000171509","Glutamatergic",0.794,0.318,2.97439400420004,0.827,0.654,0,0
"463","S100B",6285,"ENSG00000160307","Non-neuronal",0.577,0.057,4.63230633560663,0.772,0.544,0,0
"464","SATB2",23314,"ENSG00000119042","Glutamatergic",0.992,0.288,3.34393090135521,0.98,0.96,0,0
"465","SCD",6319,"ENSG00000099194","Non-neuronal",0.533,0.212,3.95883196975898,0.701,0.402,0,0
"466","SCG2",7857,"ENSG00000171951","GABAergic",0.805,0.46,2.33286394080275,0.782,0.564,0,0
"467","SEMA6A",57556,"ENSG00000092421","Non-neuronal",0.624,0.432,2.0013104001598,0.669,0.338,0,0
"468","SFMBT2",57713,"ENSG00000198879","Non-neuronal",0.7,0.734,2.09372350769425,0.574,0.148,1.05093876336815e-237,5.28422519609138e-233
"469","SFTA1P",207107,"ENSG00000225383","Glutamatergic",0.818,0.046,3.91089543165994,0.902,0.804,0,0
"470","SH3GL2",6456,"ENSG00000107295","Glutamatergic",0.997,0.529,2.107218072829,0.952,0.904,0,0
"471","SH3PXD2B",285590,"ENSG00000174705","Non-neuronal",0.523,0.423,2.16824433176885,0.604,0.208,0,0
"472","SHC4",399694,"ENSG00000185634","Non-neuronal",0.367,0.337,2.1489898482047,0.542,0.0840000000000001,5.66133587736572e-222,2.84657629249826e-217
"473","SHROOM4",57477,"ENSG00000158352","Non-neuronal",0.57,0.266,4.87233586929414,0.716,0.432,0,0
"474","SLC17A7",57030,"ENSG00000104888","Glutamatergic",0.989,0.115,2.88288356170052,0.978,0.956,0,0
"475","SLC1A2",6506,"ENSG00000110436","Non-neuronal",0.597,0.75,3.1369166419375,0.51,0.02,0,0
"476","SLC1A3",6507,"ENSG00000079215","Non-neuronal",0.819,0.167,5.38219345240051,0.886,0.772,0,0
"477","SLC22A10",387775,"ENSG00000184999","Glutamatergic",0.543,0.094,3.00833806997932,0.742,0.484,0,0
"478","SLC22A24",283238,"ENSG00000197658","Glutamatergic",0.803,0.312,3.56232563520412,0.842,0.684,0,0
"479","SLC22A25",387601,"ENSG00000196600","Glutamatergic",0.856,0.396,3.70810355874786,0.861,0.722,0,0
"480","SLC22A9",114571,"ENSG00000149742","Glutamatergic",0.572,0.184,3.01341148810297,0.732,0.464,0,0
"481","SLC25A13",10165,"ENSG00000004864","Non-neuronal",0.7,0.631,2.25087998056585,0.652,0.304,0,0
"482","SLC2A5",6518,"ENSG00000142583","Non-neuronal",0.582,0.552,3.37874703214184,0.591,0.182,0,0
"483","SLC30A3",7781,"ENSG00000115194","Glutamatergic",0.67,0.097,2.53344916786568,0.807,0.614,0,0
"484","SLC32A1",140679,"ENSG00000101438","GABAergic",0.472,0.006,2.93044191836955,0.734,0.468,0,0
"485","SLC35D2",11046,"ENSG00000285269, ENSG00000130958","Non-neuronal",0.609,0.439,3.73394114886022,0.675,0.35,0,0
"486","SLC35F4",341880,"ENSG00000151812","GABAergic",0.842,0.585,2.93628828160668,0.801,0.602,0,0
"487","SLC38A11",151258,"ENSG00000169507","Glutamatergic",0.581,0.166,2.2541391641741,0.739,0.478,0,0
"488","SLC44A1",23446,"ENSG00000070214","Non-neuronal",0.808,0.923,2.15310217613317,0.611,0.222,0,0
"489","SLC47A1",55244,"ENSG00000142494","GABAergic",0.37,0.152,2.06177739119189,0.623,0.246,0,0
"490","SLC48A1",55652,"ENSG00000211584","Non-neuronal",0.358,0.264,2.30496139679331,0.574,0.148,0,0
"491","SLC5A11",115584,"ENSG00000288216, ENSG00000158865","Non-neuronal",0.692,0.603,4.6620018330964,0.673,0.346,0,0
"492","SLC6A1",6529,"ENSG00000157103","GABAergic",0.988,0.346,2.3624875990693,0.934,0.868,0,0
"493","SLC6A7",6534,"ENSG00000011083","Glutamatergic",0.877,0.139,2.26795383570568,0.897,0.794,0,0
"494","SLCO1A2",6579,"ENSG00000084453","Non-neuronal",0.521,0.348,5.00554929197983,0.657,0.314,0,0
"495","SLIT3",6586,"ENSG00000184347","Glutamatergic",0.938,0.766,2.67230680381952,0.835,0.67,0,0
"496","SMOC1",64093,"ENSG00000198732","Non-neuronal",0.37,0.198,2.46016728011332,0.607,0.214,0,0
"497","SOX13",9580,"ENSG00000143842","Non-neuronal",0.352,0.231,2.15231940715749,0.584,0.168,0,0
"498","SOX2",6657,"ENSG00000181449","Non-neuronal",0.457,0.144,2.38298475505087,0.671,0.342,0,0
"499","SPATA13",221178,"ENSG00000182957, ENSG00000228741","Non-neuronal",0.631,0.427,2.53323883475889,0.678,0.356,0,0
"500","SPATA22",84690,"ENSG00000141255","Non-neuronal",0.569,0.49,2.85374552476625,0.621,0.242,0,0
"501","SPATA6",54558,"ENSG00000132122","Non-neuronal",0.759,0.789,2.14135666694531,0.656,0.312,0,0
"502","SPON1",10418,"ENSG00000262655","Non-neuronal",0.594,0.605,2.17556006253014,0.578,0.156,0,0
"503","SPP1",6696,"ENSG00000118785","Non-neuronal",0.502,0.082,4.78098530077249,0.725,0.45,0,0
"504","SST",6750,"ENSG00000157005","GABAergic",0.37,0.07,4.94365907215231,0.66,0.32,0,0
"505","ST18",9705,"ENSG00000147488","Non-neuronal",0.626,0.262,5.68530995388139,0.744,0.488,0,0
"506","ST6GAL1",6480,"ENSG00000073849","Non-neuronal",0.652,0.756,2.41677963274776,0.475,0.05,1.02879940458996e-95,5.1729062862188e-91
"507","ST6GALNAC3",256435,"ENSG00000184005","Non-neuronal",0.755,0.786,2.00696146118701,0.613,0.226,1.00834863359212e-308,5.07007776456453e-304
"508","STK33",65975,"ENSG00000130413","Non-neuronal",0.503,0.513,2.51199891638929,0.564,0.128,0,0
"509","STON2",85439,"ENSG00000140022","Non-neuronal",0.432,0.297,3.83222351980372,0.614,0.228,0,0
"510","STYK1",55359,"ENSG00000060140","Glutamatergic",0.604,0.11,2.83452530362503,0.771,0.542,0,0
"511","SUCLG2",8801,"ENSG00000172340","Non-neuronal",0.519,0.466,2.765308087189,0.597,0.194,0,0
"512","SUCLG2.AS1",NA,"NA","Non-neuronal",0.397,0.365,2.07318058791208,0.551,0.102,6.57492378509555e-253,3.30593742838389e-248
"513","SV2B",9899,"ENSG00000185518","Glutamatergic",0.997,0.435,3.26875094055616,0.984,0.968,0,0
"514","SV2C",22987,"ENSG00000122012","GABAergic",0.536,0.424,2.5602983351525,0.592,0.184,0,0
"515","SYNPR",132204,"ENSG00000163630","GABAergic",0.874,0.659,2.54957372326773,0.789,0.578,0,0
"516","SYTL5",94122,"ENSG00000147041","GABAergic",0.609,0.248,3.04324764383861,0.733,0.466,0,0
"517","TANC1",85461,"ENSG00000115183","Non-neuronal",0.781,0.581,2.5885195358194,0.737,0.474,0,0
"518","TBR1",10716,"ENSG00000136535","Glutamatergic",0.674,0.019,2.68509394705966,0.831,0.662,0,0
"519","TBXAS1",6916,"ENSG00000059377","Non-neuronal",0.436,0.339,4.19498928700668,0.592,0.184,0,0
"520","TCF7L1",83439,"ENSG00000152284","Non-neuronal",0.557,0.561,2.1466674908647,0.564,0.128,0,0
"521","TESK2",10420,"ENSG00000070759","Non-neuronal",0.72,0.667,2.2362593087043,0.634,0.268,0,0
"522","TESPA1",9840,"ENSG00000135426","Glutamatergic",0.726,0.079,3.65078458415772,0.847,0.694,0,0
"523","TF",7018,"ENSG00000091513","Non-neuronal",0.701,0.764,2.95374899420712,0.606,0.212,0,0
"524","TFEC",22797,"ENSG00000105967","Non-neuronal",0.298,0.411,2.8203093057736,0.468,0.0639999999999999,9.62818704832767e-296,4.84114872976964e-291
"525","THEMIS",387357,"ENSG00000275122, ENSG00000172673","Glutamatergic",0.458,0.173,2.56693119919838,0.663,0.326,0,0
"526","THSD7B",80731,"ENSG00000144229","GABAergic",0.869,0.789,3.06438657473572,0.662,0.324,0,0
"527","TJP2",9414,"ENSG00000119139","Non-neuronal",0.538,0.502,2.08114145248457,0.568,0.136,3.66123430698964e-218,1.84090522189746e-213
"528","TMCC3",57458,"ENSG00000057704","Non-neuronal",0.474,0.345,2.86615897477518,0.613,0.226,0,0
"529","TMEM123",114908,"ENSG00000152558","Non-neuronal",0.39,0.343,2.07096792456274,0.554,0.108,1.6154041221122e-235,8.12241346639237e-231
"530","TMEM144",55314,"ENSG00000164124","Non-neuronal",0.709,0.318,3.98764820151259,0.777,0.554,0,0
"531","TMEM165",55858,"ENSG00000134851","Non-neuronal",0.632,0.692,2.23117751073022,0.592,0.184,0,0
"532","TMEM63A",9725,"ENSG00000196187","Non-neuronal",0.565,0.138,4.7147831800284,0.747,0.494,0,0
"533","TNS3",64759,"ENSG00000136205","Non-neuronal",0.669,0.542,3.14375619323867,0.676,0.352,0,0
"534","TOX3",27324,"ENSG00000103460","GABAergic",0.692,0.202,2.25801121040395,0.785,0.57,0,0
"535","TPO",7173,"ENSG00000277603, ENSG00000115705","Glutamatergic",0.36,0.121,2.51708696814262,0.631,0.262,0,0
"536","TRIM54",57159,"ENSG00000138100","Glutamatergic",0.514,0.127,2.4142826605196,0.717,0.434,0,0
"537","TRPM6",140803,"ENSG00000119121","Non-neuronal",0.394,0.382,2.17093424224683,0.539,0.0780000000000001,3.82946347449656e-181,1.92549252961162e-176
"538","TSC22D4",81628,"ENSG00000166925","Non-neuronal",0.539,0.163,3.45161902152008,0.722,0.444,0,0
"539","TSPAN15",23555,"ENSG00000099282","Non-neuronal",0.365,0.221,3.33721835920763,0.599,0.198,0,0
"540","TTC6",319089,"ENSG00000139865","Glutamatergic",0.695,0.43,2.40653979689811,0.688,0.376,0,0
"541","TTYH2",94015,"ENSG00000141540","Non-neuronal",0.573,0.172,4.43716436630226,0.743,0.486,0,0
"542","UBASH3B",84959,"ENSG00000154127","GABAergic",0.911,0.642,2.11241454127146,0.839,0.678,0,0
"543","UGT8",7368,"ENSG00000174607","Non-neuronal",0.522,0.104,5.37377515791094,0.733,0.466,0,0
"544","USP54",159195,"ENSG00000166348","Non-neuronal",0.675,0.615,2.26638949877522,0.63,0.26,0,0
"545","VAV1",7409,"ENSG00000141968","Non-neuronal",0.55,0.561,2.17520570924061,0.557,0.114,9.16208282848313e-204,4.6067868669896e-199
"546","VIPR1",7433,"ENSG00000114812","Glutamatergic",0.751,0.103,2.19652885452308,0.849,0.698,0,0
"547","VRK2",7444,"ENSG00000028116","Non-neuronal",0.427,0.312,2.8241621890528,0.6,0.2,0,0
"548","VSTM2A",222008,"ENSG00000170419","GABAergic",0.806,0.33,2.11701578342216,0.808,0.616,0,0
"549","WASF2",10163,"ENSG00000158195","Non-neuronal",0.682,0.671,2.04932653962725,0.582,0.164,4.08166098636273e-280,2.05229996055305e-275
"550","WIPF1",7456,"ENSG00000115935","Non-neuronal",0.512,0.246,3.58582402969824,0.679,0.358,0,0
"551","YAP1",10413,"ENSG00000137693","Non-neuronal",0.396,0.28,3.21491985686679,0.595,0.19,0,0
"552","ZBBX",79740,"ENSG00000169064","Glutamatergic",0.839,0.315,2.05820149008746,0.837,0.674,0,0
"553","ZBTB20",26137,"ENSG00000181722","Non-neuronal",0.982,0.776,2.77779317908257,0.944,0.888,0,0
"554","ZCCHC24",219654,"ENSG00000165424","Non-neuronal",0.498,0.049,4.5491359942837,0.735,0.47,0,0
"555","ZDHHC23",254887,"ENSG00000184307","Glutamatergic",0.733,0.069,2.46823575168101,0.844,0.688,0,0
"556","ZDHHC9",51114,"ENSG00000188706","Non-neuronal",0.41,0.388,2.0512215104191,0.542,0.0840000000000001,5.17449833669409e-196,2.60178950867316e-191
"557","ZFHX3",463,"ENSG00000140836","Non-neuronal",0.698,0.583,2.28293669662072,0.65,0.3,0,0
"558","ZFHX4",79776,"ENSG00000091656","Non-neuronal",0.606,0.2,3.00024340960424,0.743,0.486,0,0
"559","ZHX2",22882,"ENSG00000178764","Non-neuronal",0.755,0.509,2.84187594747795,0.754,0.508,0,0
"560","ZNF385D",79750,"ENSG00000151789","GABAergic",0.981,0.827,2.1520320979439,0.897,0.794,0,0
"561","ZNF423",23090,"ENSG00000102935","Non-neuronal",0.51,0.467,2.14256637080187,0.579,0.158,0,0
"562","ZNF710",374655,"ENSG00000140548","Non-neuronal",0.576,0.579,2.23253964819106,0.56,0.12,3.36581122947203e-289,1.69236354429083e-284
"563","ZNF831",128611,"ENSG00000124203","Glutamatergic",0.536,0.196,2.21993021011941,0.703,0.406,0,0
